,fiscal_capacity,age,sex,education,household_size,income_household,household_total_expend,expend_insurance_hh,expend_healthcare_hh,tobacco_expend_hh,no smoke,smoke,atp_hh
0,1.0,45,0.0,3.0,4,2000000,1950000.0,0.0,50000.0,0.0,1.0,0.0,54500.0
1,1.0,33,1.0,4.0,4,1000000,1030000.0,0.0,20000.0,0.0,1.0,0.0,20500.0
2,1.0,28,1.0,4.0,2,3000000,2430000.0,0.0,0.0,0.0,1.0,0.0,75500.0
4,1.0,40,1.0,2.0,3,2050000,2343000.0,0.0,0.0,20000.0,0.0,1.0,47950.0
5,1.0,35,1.0,2.0,4,2800000,2750000.0,0.0,50000.0,0.0,1.0,0.0,56375.0
6,1.0,50,1.0,2.0,4,1800000,2848000.0,0.0,30000.0,255000.0,0.0,1.0,54000.0
7,1.0,49,0.0,4.0,6,500000,710000.0,0.0,0.0,0.0,1.0,0.0,7500.0
9,1.0,40,1.0,2.0,1,0,1823000.0,0.0,5000.0,0.0,1.0,0.0,40500.0
10,1.0,35,1.0,4.0,5,1500000,2007000.0,0.0,0.0,0.0,1.0,0.0,23150.0
11,1.0,38,0.0,4.0,8,1500000,1125000.0,0.0,0.0,0.0,1.0,0.0,20250.0
13,1.0,43,0.0,2.0,5,1000000,2064000.0,0.0,10000.0,0.0,1.0,0.0,16400.0
14,1.0,20,0.0,4.0,4,3000000,2689000.0,0.0,250000.0,0.0,1.0,0.0,75124.5
15,1.0,59,1.0,3.0,2,450000,2017000.0,0.0,21000.0,660000.0,0.0,1.0,45550.0
16,1.0,33,1.0,3.0,4,2000000,1158000.0,0.0,10000.0,0.0,1.0,0.0,27000.0
18,1.0,42,1.0,4.0,7,500000,1842667.0,0.0,10000.0,0.0,1.0,0.0,39133.35156
20,1.0,32,0.0,4.0,4,550000,2462500.0,0.0,100000.0,1200000.0,0.0,1.0,105725.0
24,1.0,24,0.0,2.0,3,800000,2246000.0,0.0,80000.0,0.0,1.0,0.0,65700.0
26,1.0,67,1.0,3.0,1,2000000,600000.0,0.0,0.0,0.0,1.0,0.0,15000.0
27,1.0,30,0.0,2.0,4,700000,2375500.0,5000.0,0.0,64000.0,0.0,1.0,61775.0
28,1.0,48,1.0,3.0,3,2800000,2335000.0,0.0,100000.0,0.0,1.0,0.0,78350.0
29,1.0,47,1.0,3.0,3,3000000,2875000.0,0.0,5000000.0,0.0,1.0,0.0,58937.5
30,1.0,20,0.0,4.0,4,0,1945000.0,0.0,40000.0,0.0,1.0,0.0,43872.5
31,1.0,44,1.0,2.0,6,3000000,5000500.0,0.0,0.0,0.0,1.0,0.0,98025.0
32,1.0,50,0.0,4.0,1,200000,1414500.0,25500.0,100000.0,0.0,1.0,0.0,34525.0
33,1.0,36,1.0,2.0,5,800000,1880000.0,0.0,0.0,100000.0,0.0,1.0,27000.0
34,1.0,54,1.0,4.0,4,3500000,3257000.0,0.0,100000.0,40000.0,0.0,1.0,116850.0
36,1.0,23,0.0,4.0,4,700000,920000.0,0.0,0.0,100000.0,0.0,1.0,27000.0
38,1.0,54,0.0,5.0,2,1000000,890000.0,0.0,0.0,100000.0,0.0,1.0,29500.0
39,1.0,28,1.0,0.0,4,2400000,1810000.0,0.0,0.0,0.0,1.0,0.0,14000.0
41,1.0,58,1.0,3.0,4,1500000,1218000.0,0.0,0.0,126000.0,0.0,1.0,22100.0
42,1.0,58,1.0,4.0,6,750000,2405000.0,0.0,0.0,240000.0,0.0,1.0,63302.5
43,1.0,41,1.0,4.0,7,1000000,3279333.0,0.0,30000.0,0.0,1.0,0.0,97966.64844
44,1.0,32,1.0,2.0,5,700000,996000.0,0.0,0.0,140000.0,0.0,1.0,29400.0
45,1.0,57,1.0,2.0,3,2500000,2300000.0,0.0,0.0,0.0,1.0,0.0,47150.0
47,1.0,42,0.0,3.0,3,600000,1238000.0,0.0,0.0,60000.0,0.0,1.0,17900.0
48,1.0,55,0.0,3.0,3,2900000,2461000.0,0.0,0.0,0.0,1.0,0.0,26250.0
50,1.0,41,1.0,3.0,5,1000000,2397100.0,0.0,10000.0,90000.0,0.0,1.0,58855.0
51,1.0,39,1.0,3.0,4,2000000,2798000.0,0.0,0.0,0.0,1.0,0.0,45900.0
53,1.0,61,1.0,5.0,1,1200000,2449000.0,0.0,5000.0,300000.0,0.0,1.0,57250.0
54,1.0,43,0.0,3.0,5,1500000,2090000.0,0.0,0.0,200000.0,0.0,1.0,80500.0
55,1.0,29,1.0,4.0,4,1000000,1079286.0,0.0,80000.0,50000.0,0.0,1.0,35750.0
56,1.0,46,1.0,2.0,6,5300000,1803000.0,0.0,0.0,0.0,1.0,0.0,14950.0
57,1.0,32,0.0,4.0,3,500000,1800000.0,0.0,0.0,200000.0,0.0,1.0,39000.0
59,1.0,22,0.0,4.0,5,3800000,3676670.0,0.0,0.0,0.0,1.0,0.0,75370.0
61,1.0,51,1.0,3.0,2,500000,603000.0,0.0,0.0,0.0,1.0,0.0,10750.0
62,1.0,22,1.0,2.0,3,2000000,1875000.0,0.0,0.0,0.0,1.0,0.0,39437.5
63,1.0,33,0.0,1.0,3,1500000,1727167.0,0.0,0.0,0.0,1.0,0.0,44758.35156
64,1.0,35,0.0,3.0,4,3000000,2816000.0,0.0,0.0,0.0,1.0,0.0,60728.0
65,1.0,23,0.0,4.0,5,750000,1129000.0,0.0,0.0,0.0,1.0,0.0,18650.0
67,1.0,35,1.0,4.0,4,1500000,1566000.0,0.0,30000.0,20000.0,0.0,1.0,22500.0
68,1.0,26,0.0,0.0,4,4000000,4460000.0,0.0,1000000.0,0.0,1.0,0.0,113000.0
74,1.0,57,1.0,2.0,5,1900000,1066000.0,0.0,0.0,0.0,1.0,0.0,9500.0
75,1.0,45,1.0,3.0,4,3000000,2928000.0,0.0,100000.0,0.0,1.0,0.0,66024.0
79,1.0,34,0.0,4.0,3,2000000,1930000.0,0.0,0.0,0.0,1.0,0.0,41565.0
80,1.0,50,1.0,5.0,4,2500000,2160000.0,0.0,50000.0,0.0,1.0,0.0,84000.0
81,1.0,26,1.0,4.0,4,1200000,1370250.0,0.0,205000.0,0.0,1.0,0.0,42562.5
82,1.0,30,0.0,0.0,4,4000000,3758000.0,0.0,0.0,0.0,1.0,0.0,127500.0
83,1.0,26,0.0,4.0,4,3500000,2990000.0,0.0,60000.0,300000.0,0.0,1.0,69500.0
84,1.0,29,0.0,4.0,6,2200000,2045000.0,0.0,0.0,0.0,1.0,0.0,22250.0
85,1.0,32,0.0,0.0,2,1000000,1269000.0,0.0,0.0,0.0,1.0,0.0,36250.0
87,1.0,49,0.0,3.0,5,1500000,1300000.0,0.0,0.0,0.0,1.0,0.0,35000.0
88,1.0,33,1.0,3.0,4,5000000,860000.0,0.0,25000.0,0.0,1.0,0.0,17000.0
89,1.0,25,1.0,4.0,4,0,1036000.0,0.0,25000.0,40000.0,0.0,1.0,32000.0
90,1.0,30,1.0,3.0,5,1100000,2551833.0,0.0,100000.0,600000.0,0.0,1.0,83591.64844
91,1.0,47,0.0,3.0,4,2000000,2350000.0,0.0,0.0,0.0,1.0,0.0,35500.0
92,1.0,30,1.0,2.0,5,200000,1602667.0,0.0,100000.0,140000.0,0.0,1.0,38033.35156
94,1.0,61,1.0,3.0,2,500000,943000.0,0.0,0.0,0.0,1.0,0.0,13550.0
95,1.0,34,0.0,2.0,6,3000000,2054167.0,0.0,0.0,0.0,1.0,0.0,42110.39844
96,1.0,35,1.0,3.0,4,500000,1212333.0,0.0,0.0,50000.0,0.0,1.0,12016.65039
98,1.0,34,1.0,4.0,4,3000000,2375333.0,0.0,30000.0,450000.0,0.0,1.0,98766.64844
99,1.0,50,0.0,3.0,1,900000,472000.0,0.0,5000.0,0.0,1.0,0.0,11700.0
101,1.0,35,1.0,5.0,3,2000000,1825000.0,0.0,0.0,225000.0,0.0,1.0,49250.0
102,1.0,55,0.0,5.0,2,2400000,1887500.0,25500.0,0.0,70000.0,0.0,1.0,35575.0
104,1.0,30,1.0,4.0,4,500000,3641000.0,0.0,0.0,0.0,1.0,0.0,36650.0
107,1.0,57,1.0,3.0,3,800000,1161000.0,0.0,0.0,150000.0,0.0,1.0,16050.0
108,1.0,26,0.0,3.0,4,700000,1163000.0,0.0,10000.0,240000.0,0.0,1.0,34950.0
109,1.0,44,0.0,5.0,4,2000000,1875000.0,0.0,1000000.0,0.0,1.0,0.0,38437.5
111,1.0,61,1.0,4.0,5,3000000,1318000.0,0.0,25000.0,50000.0,0.0,1.0,42300.0
112,1.0,39,1.0,4.0,4,1000000,1456000.0,50000.0,0.0,0.0,1.0,0.0,48000.0
113,1.0,41,1.0,2.0,4,600000,749000.0,0.0,0.0,0.0,1.0,0.0,14450.0
115,1.0,46,0.0,1.0,5,2000000,2295000.0,0.0,200000.0,200000.0,0.0,1.0,92750.0
116,1.0,44,1.0,4.0,4,300000,1100000.0,0.0,0.0,100000.0,0.0,1.0,34000.0
117,1.0,30,0.0,0.0,4,2300000,1800000.0,0.0,0.0,0.0,1.0,0.0,50000.0
119,1.0,66,1.0,4.0,5,1000000,1300000.0,0.0,0.0,0.0,1.0,0.0,19000.0
122,1.0,36,0.0,3.0,1,900000,1308998.0,0.0,0.0,0.0,1.0,0.0,29049.90039
123,1.0,30,0.0,4.0,4,1500000,1240000.0,0.0,0.0,150000.0,0.0,1.0,45000.0
124,1.0,65,1.0,3.0,2,750000,800000.0,0.0,20000.0,100000.0,0.0,1.0,28000.0
125,1.0,34,1.0,0.0,3,2000000,1173000.0,0.0,100000.0,0.0,1.0,0.0,41250.0
127,1.0,38,1.0,4.0,4,1500000,2238000.0,0.0,100000.0,300000.0,0.0,1.0,64000.0
128,1.0,53,1.0,4.0,3,1000000,1800000.0,0.0,100000.0,150000.0,0.0,1.0,46000.0
129,1.0,48,0.0,3.0,3,2000000,3247000.0,0.0,100000.0,50000.0,0.0,1.0,116350.0
130,1.0,51,1.0,4.0,4,2000000,4204165.0,0.0,0.0,0.0,1.0,0.0,138458.25
131,1.0,46,1.0,2.0,4,3000000,2900000.0,0.0,0.0,0.0,1.0,0.0,59450.0
133,1.0,48,0.0,2.0,6,2000000,1604000.0,0.0,0.0,0.0,1.0,0.0,20400.0
134,1.0,37,0.0,0.0,6,1000000,2239667.0,0.0,0.0,600000.0,0.0,1.0,75583.35156
135,1.0,26,1.0,3.0,3,500000,746762.0,0.0,50000.0,0.0,1.0,0.0,20916.65039
136,1.0,40,1.0,4.0,5,500000,3425000.0,0.0,0.0,300000.0,0.0,1.0,59250.0
137,1.0,52,0.0,0.0,6,1000000,1671667.0,0.0,0.0,0.0,1.0,0.0,21583.34961
139,1.0,46,1.0,3.0,5,700000,1626000.0,0.0,200000.0,100000.0,0.0,1.0,45300.0
140,1.0,34,1.0,2.0,3,800000,1383000.0,0.0,0.0,195000.0,0.0,1.0,29350.0
141,1.0,47,1.0,2.0,4,1000000,2178000.0,0.0,0.0,240000.0,0.0,1.0,40300.0
142,1.0,61,1.0,3.0,2,500000,706000.0,0.0,0.0,150000.0,0.0,1.0,13500.0
144,1.0,54,1.0,3.0,4,2000000,1985000.0,0.0,0.0,0.0,1.0,0.0,77250.0
146,1.0,35,1.0,2.0,5,4000000,4160167.0,42500.0,41666.0,0.0,1.0,0.0,136008.3438
147,1.0,30,1.0,3.0,3,1600000,1843000.0,0.0,0.0,0.0,1.0,0.0,25350.0
148,1.0,53,1.0,3.0,7,1800000,3311167.0,0.0,0.0,900000.0,0.0,1.0,71658.35156
149,1.0,31,0.0,5.0,2,4500000,1534000.0,54000.0,0.0,0.0,1.0,0.0,28300.0
150,1.0,30,0.0,4.0,4,600000,1640000.0,0.0,70000.0,150000.0,0.0,1.0,37000.0
151,1.0,28,1.0,2.0,3,500000,500000.0,0.0,0.0,50000.0,0.0,1.0,20000.0
152,1.0,61,0.0,3.0,4,900000,2067667.0,0.0,105000.0,690000.0,0.0,1.0,47383.35156
154,1.0,42,0.0,5.0,8,4500000,2566500.0,25500.0,0.0,0.0,1.0,0.0,40325.0
155,1.0,35,0.0,4.0,3,750000,849286.0,0.0,20000.0,80000.0,0.0,1.0,29250.0
156,1.0,60,1.0,4.0,6,500000,1246600.0,0.0,0.0,0.0,1.0,0.0,24330.0
157,1.0,28,1.0,4.0,4,1500000,610000.0,0.0,0.0,0.0,1.0,0.0,12500.0
158,1.0,70,1.0,3.0,5,1200000,1159000.0,0.0,0.0,0.0,1.0,0.0,37750.0
159,1.0,40,0.0,4.0,4,1000000,2270000.0,0.0,0.0,200000.0,0.0,1.0,43500.0
160,1.0,31,1.0,0.0,4,800000,1240000.0,0.0,0.0,100000.0,0.0,1.0,32000.0
161,1.0,27,1.0,0.0,4,500000,2030000.0,0.0,0.0,0.0,1.0,0.0,17500.0
163,1.0,38,0.0,4.0,4,0,1539000.0,0.0,0.0,0.0,1.0,0.0,17150.0
164,1.0,56,1.0,3.0,2,500000,925286.0,51000.0,0.0,0.0,1.0,0.0,21800.0
165,1.0,52,0.0,5.0,3,2500000,2375000.0,0.0,100000.0,0.0,1.0,0.0,76350.0
167,1.0,45,1.0,2.0,4,4500000,4300000.0,0.0,70000.0,0.0,1.0,0.0,92150.0
168,1.0,18,1.0,4.0,4,1000000,1940000.0,0.0,0.0,200000.0,0.0,1.0,70000.0
169,1.0,44,1.0,4.0,7,1500000,1009667.0,0.0,0.0,0.0,1.0,0.0,32983.35156
170,1.0,40,1.0,4.0,3,1000000,1290000.0,0.0,0.0,150000.0,0.0,1.0,35500.0
171,1.0,55,1.0,3.0,4,1300000,889000.0,0.0,0.0,56000.0,0.0,1.0,19850.0
172,1.0,41,1.0,4.0,6,2200000,1549000.0,0.0,0.0,0.0,1.0,0.0,17650.0
173,1.0,34,1.0,3.0,4,150000,1448000.0,0.0,100000.0,50000.0,0.0,1.0,37500.0
174,1.0,48,0.0,2.0,5,2000000,1856000.0,21250.0,0.0,0.0,1.0,0.0,45048.0
176,1.0,66,0.0,5.0,2,300000,312500.0,0.0,0.0,0.0,1.0,0.0,5125.0
177,1.0,40,1.0,4.0,4,2000000,3030000.0,0.0,300000.0,150000.0,0.0,1.0,66500.0
178,1.0,31,0.0,4.0,4,3000000,3598396.0,0.0,0.0,0.0,1.0,0.0,89160.0
179,1.0,30,0.0,2.0,4,1000000,4709666.0,0.0,355000.0,600000.0,0.0,1.0,182083.2969
180,1.0,33,1.0,4.0,5,1500000,710179.0,0.0,25000.0,50000.0,0.0,1.0,21258.94922
181,1.0,27,0.0,4.0,8,3000000,1875664.0,0.0,0.0,0.0,1.0,0.0,34750.0
182,1.0,36,1.0,4.0,3,900000,1285000.0,0.0,0.0,100000.0,0.0,1.0,26250.0
184,1.0,21,0.0,4.0,1,2250000,1658000.0,50000.0,50000.0,0.0,1.0,0.0,49500.0
185,1.0,54,1.0,4.0,6,500000,710000.0,0.0,0.0,0.0,1.0,0.0,7500.0
186,1.0,29,0.0,5.0,5,300000,1351298.0,0.0,120000.0,0.0,1.0,0.0,22764.90039
189,1.0,28,0.0,0.0,3,1250000,2012000.0,0.0,100000.0,200000.0,0.0,1.0,75600.0
190,1.0,63,1.0,3.0,2,600000,362000.0,0.0,300000.0,0.0,1.0,0.0,18100.0
191,1.0,52,1.0,4.0,4,6000000,3093000.0,25000.0,18000.0,0.0,1.0,0.0,83250.0
192,1.0,64,1.0,3.0,7,1100000,711333.0,0.0,0.0,0.0,1.0,0.0,23666.65039
195,1.0,45,0.0,7.0,4,2500000,2290000.0,0.0,500000.0,200000.0,0.0,1.0,46945.0
198,1.0,53,1.0,3.0,2,2000000,1790000.0,0.0,300000.0,300000.0,0.0,1.0,36695.0
199,1.0,29,0.0,4.0,6,1500000,1565000.0,0.0,0.0,200000.0,0.0,1.0,35250.0
201,1.0,28,0.0,4.0,4,3000000,2540000.0,0.0,0.0,0.0,1.0,0.0,79000.0
203,1.0,32,0.0,0.0,1,800000,1305500.0,23500.0,0.0,0.0,1.0,0.0,31275.0
207,1.0,57,0.0,2.0,1,1000000,996000.0,0.0,0.0,0.0,1.0,0.0,20418.0
208,1.0,31,1.0,2.0,4,2000000,2600000.0,0.0,50000.0,250000.0,0.0,1.0,59000.0
209,1.0,38,1.0,2.0,3,2500000,1525000.0,0.0,200000.0,0.0,1.0,0.0,35850.0
210,1.0,26,1.0,3.0,4,1500000,1460000.0,0.0,50000.0,0.0,1.0,0.0,49000.0
211,1.0,27,1.0,2.0,3,2500000,2340000.0,0.0,50000.0,0.0,1.0,0.0,48970.0
213,1.0,62,1.0,4.0,2,750000,1643333.0,0.0,25000.0,0.0,1.0,0.0,60666.64844
215,1.0,58,0.0,2.0,3,1000000,688000.0,0.0,0.0,0.0,1.0,0.0,4000.0
216,1.0,18,0.0,3.0,4,1500000,3068000.0,0.0,1000000.0,0.0,1.0,0.0,126000.0
217,1.0,42,1.0,4.0,5,1000000,500000.0,0.0,0.0,0.0,1.0,0.0,15000.0
218,1.0,38,1.0,4.0,6,1000000,1040000.0,0.0,0.0,0.0,1.0,0.0,20000.0
219,1.0,29,1.0,4.0,3,500000,1020000.0,0.0,0.0,50000.0,0.0,1.0,24000.0
220,1.0,54,0.0,5.0,2,3000000,2630000.0,0.0,20000.0,30000.0,0.0,1.0,53915.0
221,1.0,38,1.0,4.0,5,1000000,1667500.0,0.0,30000.0,0.0,1.0,0.0,55975.0
223,1.0,18,1.0,5.0,1,500000,1720000.0,0.0,50000.0,0.0,1.0,0.0,32000.0
224,1.0,46,1.0,4.0,4,500000,1823667.0,0.0,0.0,165000.0,0.0,1.0,39583.35156
225,1.0,26,0.0,2.0,3,2500000,2440000.0,0.0,50000.0,50000.0,0.0,1.0,70000.0
227,1.0,39,0.0,0.0,5,0,2068000.0,0.0,0.0,0.0,1.0,0.0,21400.0
228,1.0,75,0.0,5.0,4,2000000,2470000.0,0.0,500000.0,0.0,1.0,0.0,59500.0
229,1.0,52,0.0,4.0,5,1000000,960000.0,0.0,0.0,0.0,1.0,0.0,18000.0
230,1.0,42,0.0,4.0,4,500000,1867500.0,0.0,22500.0,0.0,1.0,0.0,26375.0
231,1.0,44,1.0,5.0,4,3000000,2640000.0,0.0,500000.0,500000.0,0.0,1.0,54120.0
232,1.0,21,1.0,4.0,3,2000000,1855000.0,0.0,500000.0,300000.0,0.0,1.0,42027.5
235,1.0,37,1.0,3.0,6,1000000,600667.0,0.0,10000.0,0.0,1.0,0.0,14633.34961
236,1.0,75,1.0,3.0,4,400000,899333.0,0.0,0.0,110000.0,0.0,1.0,23766.65039
238,1.0,56,0.0,3.0,2,1500000,1260000.0,0.0,0.0,300000.0,0.0,1.0,45000.0
239,1.0,45,0.0,4.0,6,1500000,1957000.0,0.0,0.0,0.0,1.0,0.0,27650.0
243,1.0,30,0.0,4.0,3,6000000,3850000.0,0.0,100000.0,300000.0,0.0,1.0,44500.0
244,1.0,18,0.0,5.0,4,3500000,1360000.0,0.0,0.0,0.0,1.0,0.0,40000.0
245,1.0,55,1.0,5.0,3,2500000,2455000.0,0.0,0.0,225000.0,0.0,1.0,49750.0
247,1.0,46,1.0,2.0,7,2500000,2710000.0,0.0,58000.0,105000.0,0.0,1.0,98500.0
248,1.0,38,0.0,3.0,3,2000000,1879000.0,0.0,300000.0,0.0,1.0,0.0,38519.5
250,1.0,37,0.0,4.0,6,1000000,700000.0,0.0,0.0,0.0,1.0,0.0,7000.0
251,1.0,28,0.0,4.0,1,2000000,1813000.0,50000.0,25000.0,100000.0,0.0,1.0,43250.0
254,1.0,44,0.0,4.0,4,1400000,3450000.0,0.0,0.0,50000.0,0.0,1.0,69500.0
255,1.0,24,1.0,0.0,8,1000000,3082333.0,0.0,0.0,0.0,1.0,0.0,77187.85156
257,1.0,40,1.0,4.0,4,550000,1056000.0,0.0,40000.0,0.0,1.0,0.0,27000.0
258,1.0,36,0.0,0.0,4,2400000,1760000.0,0.0,30000.0,0.0,1.0,0.0,34000.0
259,1.0,39,0.0,2.0,5,2500000,1105000.0,0.0,100000.0,0.0,1.0,0.0,20850.0
260,1.0,50,0.0,3.0,3,2500000,2350000.0,0.0,50000.0,0.0,1.0,0.0,48175.0
261,1.0,29,0.0,1.0,5,500000,2106332.0,0.0,50000.0,0.0,1.0,0.0,69516.60156
262,1.0,67,1.0,4.0,2,1500000,650000.0,0.0,0.0,0.0,1.0,0.0,12500.0
263,1.0,36,1.0,5.0,3,250000,723000.0,0.0,0.0,0.0,1.0,0.0,17750.0
264,1.0,31,1.0,0.0,3,500000,1960000.0,0.0,20000.0,0.0,1.0,0.0,20000.0
265,1.0,37,0.0,3.0,3,2000000,1370000.0,0.0,50000.0,0.0,1.0,0.0,26500.0
266,1.0,37,1.0,0.0,5,2000000,2633500.0,0.0,50000.0,0.0,1.0,0.0,99875.0
267,1.0,60,0.0,5.0,6,0,1000000.0,0.0,0.0,100000.0,0.0,1.0,32000.0
268,1.0,24,1.0,4.0,2,1000000,1288000.0,0.0,100000.0,50000.0,0.0,1.0,53000.0
269,1.0,56,1.0,2.0,2,2000000,1955000.0,0.0,500000.0,300000.0,0.0,1.0,40077.5
270,1.0,58,1.0,4.0,4,400000,1305167.0,0.0,0.0,200000.0,0.0,1.0,36258.35156
272,1.0,25,1.0,2.0,3,500000,1731333.0,0.0,5000.0,50000.0,0.0,1.0,38566.64844
273,1.0,25,1.0,4.0,3,2000000,620000.0,0.0,50000.0,0.0,1.0,0.0,11000.0
274,1.0,31,1.0,3.0,5,2500000,1255500.0,0.0,0.0,315000.0,0.0,1.0,42375.0
275,1.0,56,0.0,2.0,1,2000000,1700500.0,25500.0,0.0,0.0,1.0,0.0,49025.0
276,1.0,18,0.0,5.0,4,0,200000.0,0.0,0.0,0.0,1.0,0.0,14300.0
277,1.0,64,0.0,3.0,1,300000,255000.0,0.0,55000.0,0.0,1.0,0.0,2750.0
278,1.0,35,0.0,3.0,4,750000,960000.0,0.0,0.0,150000.0,0.0,1.0,36000.0
279,1.0,48,0.0,3.0,3,2500000,2190000.0,0.0,50000.0,0.0,1.0,0.0,88500.0
280,1.0,35,1.0,1.0,5,1000000,1709833.0,0.0,100000.0,0.0,1.0,0.0,54091.64844
281,1.0,29,1.0,2.0,3,2600000,2911500.0,0.0,0.0,510000.0,0.0,1.0,79175.0
282,1.0,45,1.0,3.0,4,1900000,1588167.0,0.0,0.0,0.0,1.0,0.0,8008.350098
283,1.0,47,1.0,4.0,1,500000,500000.0,0.0,50000.0,0.0,1.0,0.0,10250.0
284,1.0,40,1.0,4.0,5,1000000,3213333.0,0.0,100000.0,0.0,1.0,0.0,107416.6484
285,1.0,45,0.0,7.0,4,2500000,2300000.0,0.0,2000000.0,0.0,1.0,0.0,47150.0
286,1.0,50,0.0,2.0,2,1500000,890000.0,0.0,0.0,0.0,1.0,0.0,22500.0
287,1.0,52,0.0,5.0,4,1000000,1050000.0,0.0,100000.0,0.0,1.0,0.0,21525.0
288,1.0,40,1.0,3.0,4,700000,1195000.0,0.0,65000.0,210000.0,0.0,1.0,30950.0
289,1.0,72,1.0,3.0,1,1950000,1223000.0,0.0,0.0,0.0,1.0,0.0,18150.0
291,1.0,55,1.0,5.0,5,1000000,2290000.0,0.0,0.0,100000.0,0.0,1.0,84500.0
292,1.0,35,1.0,4.0,4,3000000,1244028.0,0.0,50000.0,50000.0,0.0,1.0,43135.0
293,1.0,33,1.0,4.0,4,500000,1311667.0,0.0,50000.0,0.0,1.0,0.0,27083.34961
294,1.0,56,1.0,3.0,2,2000000,1936000.0,0.0,500000.0,300000.0,0.0,1.0,39688.0
295,1.0,50,1.0,3.0,2,2000000,2400000.0,0.0,500000.0,300000.0,0.0,1.0,86000.0
296,1.0,31,1.0,3.0,4,2000000,2268000.0,0.0,0.0,450000.0,0.0,1.0,40200.0
297,1.0,24,0.0,4.0,3,500000,1600000.0,0.0,0.0,0.0,1.0,0.0,20000.0
298,1.0,30,1.0,0.0,3,4000000,3920000.0,0.0,500000.0,200000.0,0.0,1.0,106000.0
299,1.0,35,0.0,4.0,4,2500000,2410000.0,0.0,10000.0,0.0,1.0,0.0,68500.0
300,1.0,33,0.0,4.0,5,1000000,1250000.0,0.0,0.0,150000.0,0.0,1.0,38500.0
302,1.0,60,1.0,3.0,6,2000000,821667.0,0.0,0.0,0.0,1.0,0.0,2083.350098
304,1.0,30,0.0,4.0,4,2500000,2446164.0,25500.0,20000.0,0.0,1.0,0.0,79275.0
306,1.0,18,1.0,3.0,6,2000000,1745000.0,0.0,0.0,0.0,1.0,0.0,44250.0
307,1.0,34,1.0,3.0,5,1000000,2530000.0,0.0,0.0,1000000.0,0.0,1.0,104500.0
308,1.0,38,1.0,4.0,6,2200000,2045000.0,0.0,0.0,0.0,1.0,0.0,22250.0
309,1.0,34,1.0,0.0,5,1500000,2904167.0,0.0,100000.0,135000.0,0.0,1.0,99208.35156
310,1.0,34,1.0,5.0,3,1500000,3644000.0,0.0,0.0,390000.0,0.0,1.0,68700.0
312,1.0,18,1.0,4.0,5,500000,1799000.0,0.0,20000.0,300000.0,0.0,1.0,42350.0
313,1.0,42,1.0,3.0,3,500000,417000.0,0.0,0.0,0.0,1.0,0.0,4950.0
314,1.0,45,0.0,3.0,3,500000,1146000.0,0.0,0.0,100000.0,0.0,1.0,34500.0
315,1.0,53,1.0,4.0,5,1500000,3290000.0,0.0,0.0,110000.0,0.0,1.0,127900.0
316,1.0,27,1.0,2.0,4,500000,1731600.0,0.0,10000.0,210000.0,0.0,1.0,41580.0
317,1.0,31,0.0,1.0,4,1000000,1252000.0,0.0,0.0,100000.0,0.0,1.0,27000.0
318,1.0,30,0.0,4.0,6,2500000,1870000.0,0.0,0.0,0.0,1.0,0.0,17500.0
320,1.0,50,1.0,4.0,5,1500000,1425000.0,0.0,50000.0,25000.0,0.0,1.0,21250.0
321,1.0,26,0.0,4.0,2,1500000,1239000.0,0.0,0.0,0.0,1.0,0.0,38750.0
322,1.0,30,0.0,3.0,5,3000000,2157000.0,0.0,100000.0,40000.0,0.0,1.0,61850.0
325,1.0,71,0.0,2.0,1,500000,632262.0,25500.0,50000.0,0.0,1.0,0.0,12041.65039
326,1.0,62,1.0,2.0,6,2000000,2627000.0,0.0,0.0,0.0,1.0,0.0,33950.0
328,1.0,33,0.0,4.0,6,1500000,564000.0,0.0,0.0,0.0,1.0,0.0,16200.0
329,1.0,55,1.0,3.0,3,2000000,2400000.0,0.0,150000.0,300000.0,0.0,1.0,78000.0
331,1.0,20,0.0,4.0,4,2000000,1960000.0,0.0,1000000.0,0.0,1.0,0.0,40180.0
332,1.0,42,0.0,3.0,2,700000,2460000.0,0.0,50000.0,150000.0,0.0,1.0,67000.0
333,1.0,53,1.0,4.0,4,515000,2061500.0,0.0,0.0,0.0,1.0,0.0,63825.0
334,1.0,45,1.0,3.0,4,3000000,2690000.0,0.0,1000000.0,300000.0,0.0,1.0,55145.0
335,1.0,52,1.0,3.0,2,500000,330000.0,0.0,0.0,0.0,1.0,0.0,2500.0
336,1.0,64,0.0,3.0,2,2000000,1820000.0,0.0,0.0,1000000.0,0.0,1.0,37310.0
337,1.0,37,0.0,4.0,5,0,1978000.0,0.0,0.0,0.0,1.0,0.0,20900.0
338,1.0,25,0.0,2.0,4,3000000,2790000.0,0.0,50000.0,0.0,1.0,0.0,61500.0
339,1.0,68,0.0,2.0,2,3000000,2750000.0,0.0,1000000.0,300000.0,0.0,1.0,56375.0
340,1.0,67,1.0,2.0,2,900000,540000.0,0.0,0.0,0.0,1.0,0.0,12000.0
342,1.0,53,1.0,4.0,4,500000,1380164.0,0.0,50000.0,50000.0,0.0,1.0,57900.0
346,1.0,65,0.0,3.0,2,2000000,1970000.0,0.0,300000.0,0.0,1.0,0.0,53500.0
347,1.0,50,1.0,4.0,5,1000000,1280000.0,0.0,0.0,100000.0,0.0,1.0,32000.0
348,1.0,47,0.0,5.0,4,1000000,2042000.0,0.0,50000.0,300000.0,0.0,1.0,46100.0
349,1.0,26,0.0,2.0,2,400000,1194000.0,0.0,0.0,0.0,1.0,0.0,11100.0
351,1.0,63,0.0,3.0,2,1500000,1487000.0,0.0,200000.0,0.0,1.0,0.0,30483.5
352,1.0,31,1.0,4.0,5,1000000,1238000.0,0.0,0.0,50000.0,0.0,1.0,29500.0
353,1.0,34,1.0,3.0,2,1000000,527500.0,0.0,0.0,0.0,1.0,0.0,10375.0
354,1.0,35,1.0,2.0,4,2600000,2665000.0,0.0,0.0,0.0,1.0,0.0,72450.0
355,1.0,46,0.0,4.0,5,1700000,1665000.0,0.0,0.0,100000.0,0.0,1.0,54132.5
357,1.0,42,1.0,3.0,4,500000,1797667.0,0.0,0.0,150000.0,0.0,1.0,37483.35156
358,1.0,30,0.0,4.0,2,2000000,1767333.0,0.0,0.0,0.0,1.0,0.0,47766.64844
359,1.0,30,1.0,4.0,4,2000000,1850000.0,0.0,200000.0,100000.0,0.0,1.0,37925.0
360,1.0,54,0.0,4.0,4,1500000,7865000.0,0.0,0.0,0.0,1.0,0.0,30250.0
361,1.0,36,0.0,3.0,5,1000000,1233000.0,0.0,0.0,0.0,1.0,0.0,29150.0
364,1.0,22,0.0,4.0,3,350000,740000.0,0.0,0.0,50000.0,0.0,1.0,14000.0
365,1.0,42,1.0,3.0,4,500000,1178000.0,0.0,0.0,0.0,1.0,0.0,24900.0
366,1.0,57,1.0,4.0,6,800000,1050000.0,0.0,0.0,0.0,1.0,0.0,12500.0
369,1.0,39,0.0,4.0,4,750000,589666.0,0.0,0.0,0.0,1.0,0.0,20483.30078
370,1.0,26,1.0,4.0,1,1500000,1335000.0,0.0,0.0,0.0,1.0,0.0,40750.0
371,1.0,19,0.0,4.0,3,2500000,2350000.0,0.0,100000.0,0.0,1.0,0.0,68175.0
372,1.0,46,0.0,5.0,2,1500000,1365000.0,0.0,1000000.0,0.0,1.0,0.0,27982.5
374,1.0,63,0.0,3.0,2,1500000,1465000.0,0.0,200000.0,0.0,1.0,0.0,30032.5
375,1.0,40,0.0,3.0,4,2500000,2325000.0,0.0,100000.0,0.0,1.0,0.0,76850.0
376,1.0,28,0.0,4.0,3,2000000,2480334.0,0.0,35000.0,0.0,1.0,0.0,83516.70313
377,1.0,37,1.0,2.0,5,1750000,1115833.0,0.0,150000.0,0.0,1.0,0.0,32791.64844
378,1.0,50,1.0,3.0,4,1200000,991667.0,0.0,0.0,180000.0,0.0,1.0,23583.34961
380,1.0,53,1.0,3.0,2,2000000,2210000.0,0.0,300000.0,300000.0,0.0,1.0,76500.0
381,1.0,35,1.0,3.0,7,3800000,3700000.0,0.0,0.0,480000.0,0.0,1.0,118400.0
382,1.0,39,0.0,4.0,4,1800000,1740666.0,0.0,0.0,0.0,1.0,0.0,61033.30078
384,1.0,32,1.0,4.0,3,1500000,1753000.0,0.0,5000.0,0.0,1.0,0.0,34650.0
385,1.0,20,1.0,4.0,3,2000000,1188832.0,4166.0,41666.0,0.0,1.0,0.0,23591.59961
386,1.0,23,0.0,4.0,3,2000000,1280000.0,0.0,150000.0,150000.0,0.0,1.0,50000.0
387,1.0,57,1.0,4.0,2,500000,1544700.0,0.0,30000.0,0.0,1.0,0.0,31335.0
388,1.0,28,0.0,0.0,1,2400000,1285000.0,0.0,0.0,0.0,1.0,0.0,53750.0
391,1.0,39,1.0,4.0,7,1500000,1060000.0,0.0,0.0,0.0,1.0,0.0,17000.0
393,1.0,70,1.0,2.0,2,0,1524000.0,0.0,0.0,0.0,1.0,0.0,13400.0
394,1.0,24,1.0,4.0,3,800000,1470000.0,0.0,0.0,100000.0,0.0,1.0,53500.0
395,1.0,31,0.0,1.0,4,500000,860000.0,0.0,5000.0,0.0,1.0,0.0,23000.0
396,1.0,28,1.0,3.0,3,500000,1040000.0,0.0,0.0,100000.0,0.0,1.0,28000.0
397,1.0,32,1.0,0.0,4,1500000,1235119.0,0.0,100000.0,0.0,1.0,0.0,35041.64844
398,1.0,53,1.0,4.0,5,3000000,1205000.0,0.0,0.0,0.0,1.0,0.0,44750.0
399,1.0,37,0.0,4.0,3,1500000,1360000.0,0.0,0.0,36000.0,0.0,1.0,32000.0
400,1.0,48,1.0,5.0,2,1800000,1750000.0,0.0,50000.0,0.0,1.0,0.0,61500.0
401,1.0,26,0.0,3.0,3,2500000,2080000.0,0.0,0.0,0.0,1.0,0.0,31000.0
404,1.0,60,1.0,5.0,2,1800000,1470000.0,0.0,20000.0,0.0,1.0,0.0,57500.0
405,1.0,24,0.0,5.0,4,1700000,2758000.0,50000.0,0.0,360000.0,0.0,1.0,92100.0
408,1.0,53,1.0,3.0,2,500000,563096.0,0.0,50000.0,50000.0,0.0,1.0,22583.34961
409,1.0,18,0.0,4.0,4,0,1780000.0,0.0,50000.0,0.0,1.0,0.0,39490.0
411,1.0,28,1.0,4.0,2,750000,2177143.0,0.0,50000.0,50000.0,0.0,1.0,39000.0
412,1.0,36,1.0,3.0,3,600000,3353797.0,0.0,500000.0,0.0,1.0,0.0,80263.25
413,1.0,31,1.0,0.0,2,3000000,3260000.0,0.0,0.0,500000.0,0.0,1.0,81000.0
414,1.0,53,1.0,4.0,2,850000,1060000.0,0.0,0.0,0.0,1.0,0.0,28000.0
415,1.0,37,0.0,4.0,7,1000000,1810000.0,0.0,0.0,100000.0,0.0,1.0,42500.0
416,1.0,28,1.0,4.0,4,2000000,1865000.0,0.0,1000000.0,300000.0,0.0,1.0,38232.5
417,1.0,32,1.0,4.0,5,1000000,1497500.0,0.0,0.0,300000.0,0.0,1.0,34375.0
418,1.0,50,1.0,3.0,4,2000000,1865000.0,30000.0,0.0,200000.0,0.0,1.0,38232.5
419,1.0,48,1.0,4.0,5,900000,660000.0,0.0,0.0,0.0,1.0,0.0,17000.0
420,1.0,54,1.0,3.0,3,2800000,2850000.0,0.0,60000.0,30000.0,0.0,1.0,58425.0
422,1.0,31,1.0,1.0,2,1500000,1600000.0,0.0,0.0,0.0,1.0,0.0,47800.0
423,1.0,56,0.0,4.0,3,2500000,1070000.0,0.0,0.0,0.0,1.0,0.0,25500.0
424,1.0,67,1.0,4.0,5,1500000,1150000.0,0.0,0.0,0.0,1.0,0.0,19500.0
427,1.0,27,0.0,4.0,3,1500000,1300000.0,0.0,0.0,0.0,1.0,0.0,17000.0
428,1.0,51,1.0,4.0,4,1500000,2760000.0,0.0,100000.0,200000.0,0.0,1.0,51000.0
432,1.0,25,0.0,4.0,3,300000,390833.0,0.0,0.0,0.0,1.0,0.0,5541.649902
433,1.0,43,1.0,3.0,4,1900000,1172000.0,0.0,0.0,0.0,1.0,0.0,33200.0
435,1.0,36,1.0,4.0,3,1500000,1100000.0,0.0,0.0,150000.0,0.0,1.0,36000.0
436,1.0,47,0.0,5.0,2,950000,601668.0,0.0,40000.0,150000.0,0.0,1.0,13750.0
439,1.0,26,0.0,4.0,4,800000,1280000.0,0.0,0.0,0.0,1.0,0.0,16000.0
441,1.0,61,1.0,5.0,2,1000000,1440000.0,0.0,350000.0,100000.0,0.0,1.0,51000.0
442,1.0,46,0.0,5.0,4,3000000,2440000.0,0.0,0.0,100000.0,0.0,1.0,44000.0
443,1.0,26,1.0,2.0,4,3000000,2635000.0,0.0,100000.0,0.0,1.0,0.0,91350.0
445,1.0,40,1.0,3.0,4,500000,1014000.0,0.0,0.0,150000.0,0.0,1.0,33700.0
447,1.0,30,0.0,4.0,5,1200000,498000.0,0.0,0.0,30000.0,0.0,1.0,13500.0
450,1.0,59,1.0,5.0,3,50000,634833.0,0.0,0.0,0.0,1.0,0.0,10541.65039
453,1.0,37,1.0,5.0,4,250000,888250.0,0.0,20000.0,48000.0,0.0,1.0,27012.5
454,1.0,20,0.0,4.0,4,1000000,1661000.0,0.0,20000.0,50000.0,0.0,1.0,52650.0
455,1.0,56,0.0,3.0,2,2000000,1786000.0,0.0,1000000.0,0.0,1.0,0.0,36613.0
457,1.0,22,0.0,4.0,5,1300000,3680000.0,0.0,150000.0,180000.0,0.0,1.0,56000.0
459,1.0,38,1.0,2.0,5,2000000,1580000.0,0.0,0.0,150000.0,0.0,1.0,48000.0
460,1.0,52,1.0,3.0,3,3000000,2010000.0,0.0,200000.0,300000.0,0.0,1.0,66500.0
461,1.0,58,0.0,5.0,4,500000,3643050.0,25500.0,2000000.0,225000.0,0.0,1.0,155352.5
462,1.0,50,1.0,3.0,5,2600000,2693500.0,0.0,3500.0,0.0,1.0,0.0,81675.0
464,1.0,46,0.0,3.0,4,2000000,2850000.0,0.0,100000.0,0.0,1.0,0.0,58500.0
465,1.0,37,0.0,2.0,5,1000000,1943000.0,0.0,0.0,0.0,1.0,0.0,28150.0
466,1.0,33,1.0,1.0,4,900000,1070000.0,0.0,0.0,240000.0,0.0,1.0,23300.0
467,1.0,70,1.0,5.0,2,2000000,1823000.0,0.0,500000.0,300000.0,0.0,1.0,37371.5
468,1.0,32,0.0,2.0,3,500000,381666.0,0.0,2500.0,0.0,1.0,0.0,10483.2998
470,1.0,55,1.0,3.0,4,1200000,2049500.0,0.0,0.0,405000.0,0.0,1.0,45275.0
471,1.0,27,0.0,1.0,4,1000000,838000.0,0.0,30000.0,0.0,1.0,0.0,16500.0
473,1.0,40,1.0,4.0,5,2500000,1100000.0,0.0,0.0,0.0,1.0,0.0,25000.0
474,1.0,27,1.0,2.0,3,2000000,1640000.0,0.0,100000.0,50000.0,0.0,1.0,48000.0
475,1.0,45,0.0,2.0,2,750000,1246000.0,0.0,20000.0,100000.0,0.0,1.0,23300.0
476,1.0,64,0.0,3.0,2,2000000,1560000.0,0.0,500000.0,0.0,1.0,0.0,31980.0
477,1.0,27,1.0,6.0,2,3000000,3450000.0,0.0,300000.0,300000.0,0.0,1.0,68500.0
478,1.0,34,0.0,4.0,3,2800000,958000.0,0.0,50000.0,0.0,1.0,0.0,27500.0
479,1.0,28,0.0,2.0,5,250000,1213333.0,0.0,50000.0,300000.0,0.0,1.0,32166.65039
480,1.0,41,0.0,2.0,5,1000000,1720000.0,0.0,0.0,150000.0,0.0,1.0,67000.0
481,1.0,57,0.0,3.0,2,0,1514666.0,0.0,0.0,0.0,1.0,0.0,6733.299805
482,2.0,38,0.0,3.0,4,500000,654333.0,0.0,25000.0,50000.0,0.0,1.0,17716.65039
484,2.0,35,0.0,4.0,4,2000000,1885000.0,0.0,0.0,300000.0,0.0,1.0,30450.0
486,2.0,29,0.0,4.0,4,2000000,2640333.0,25500.0,50000.0,0.0,1.0,0.0,65416.64844
487,2.0,43,0.0,2.0,4,3800000,4086667.0,34000.0,80000.0,250000.0,0.0,1.0,129933.3516
489,2.0,40,1.0,5.0,4,400000,598667.0,0.0,0.0,0.0,1.0,0.0,16733.34961
490,2.0,22,0.0,4.0,4,0,2024000.0,0.0,0.0,0.0,1.0,0.0,30000.0
494,2.0,31,0.0,2.0,4,2000000,1269000.0,0.0,18000.0,0.0,1.0,0.0,18450.0
495,2.0,24,0.0,0.0,5,4000000,3060000.0,0.0,0.0,0.0,1.0,0.0,47000.0
496,2.0,48,0.0,3.0,5,250000,2425500.0,0.0,25000.0,0.0,1.0,0.0,42275.0
499,2.0,62,1.0,3.0,7,1400000,5413000.0,0.0,0.0,1350000.0,0.0,1.0,130750.0
501,2.0,23,1.0,4.0,4,3000000,2771833.0,25500.0,250000.0,250000.0,0.0,1.0,71591.64844
502,2.0,42,1.0,2.0,5,3800000,3127833.0,42500.0,60000.0,160000.0,0.0,1.0,71191.64844
504,2.0,55,0.0,4.0,2,1500000,1324000.0,0.0,0.0,0.0,1.0,0.0,32000.0
505,2.0,40,1.0,3.0,7,6000000,3066000.0,0.0,0.0,450000.0,0.0,1.0,88500.0
506,2.0,50,0.0,4.0,3,2500000,2228000.0,25500.0,100000.0,0.0,1.0,0.0,50800.0
507,2.0,43,1.0,2.0,4,1800000,3088833.0,42500.0,350000.0,0.0,1.0,0.0,68441.64844
509,2.0,35,0.0,0.0,5,3000000,3121542.0,31875.0,79167.0,130000.0,0.0,1.0,77677.10156
510,2.0,30,0.0,3.0,4,800000,2237708.0,57375.0,16667.0,60000.0,0.0,1.0,44685.39844
511,2.0,52,1.0,3.0,2,400000,1872500.0,0.0,500000.0,360000.0,0.0,1.0,63625.0
514,2.0,51,1.0,2.0,3,4000000,2391500.0,25500.0,75000.0,200000.0,0.0,1.0,42175.0
518,2.0,29,1.0,4.0,3,3000000,2306000.0,0.0,300000.0,360000.0,0.0,1.0,72800.0
521,2.0,55,0.0,4.0,4,200000,391976.0,6333.0,4167.0,0.0,1.0,0.0,12941.65039
522,2.0,74,1.0,5.0,2,100000,94524.0,13667.0,0.0,0.0,1.0,0.0,3583.350098
523,2.0,54,0.0,3.0,6,250000,544333.0,0.0,0.0,0.0,1.0,0.0,15816.65039
525,2.0,65,1.0,5.0,2,500000,161000.0,0.0,31000.0,0.0,1.0,0.0,3050.0
529,2.0,55,0.0,3.0,4,2830000,2125000.0,0.0,0.0,210000.0,0.0,1.0,56250.0
532,2.0,20,1.0,4.0,5,0,1774000.0,0.0,0.0,0.0,1.0,0.0,42500.0
533,2.0,25,0.0,4.0,3,4000000,1784000.0,0.0,0.0,0.0,1.0,0.0,21000.0
536,2.0,57,1.0,4.0,4,2000000,1168000.0,60000.0,30000.0,100000.0,0.0,1.0,34400.0
538,2.0,28,0.0,4.0,4,3000000,1596300.0,0.0,200000.0,600000.0,0.0,1.0,87375.0
539,2.0,55,1.0,3.0,5,0,4380000.0,0.0,0.0,0.0,1.0,0.0,79000.0
540,2.0,34,0.0,2.0,7,3600000,2500000.0,0.0,35000.0,270000.0,0.0,1.0,386250.0
546,2.0,75,1.0,3.0,4,2000000,2666000.0,0.0,65000.0,0.0,1.0,0.0,83100.0
551,2.0,19,1.0,4.0,3,4500000,2000000.0,0.0,0.0,0.0,1.0,0.0,58000.0
552,2.0,31,0.0,4.0,3,2400000,1666000.0,0.0,0.0,0.0,1.0,0.0,20500.0
553,2.0,56,1.0,3.0,1,550000,523571.0,0.0,15000.0,0.0,1.0,0.0,18750.0
554,2.0,61,0.0,4.0,2,1500000,964000.0,0.0,0.0,0.0,1.0,0.0,15600.0
555,2.0,28,0.0,3.0,5,3200000,4736917.0,4250.0,4167.0,1200000.0,0.0,1.0,125795.8516
558,2.0,47,1.0,3.0,6,5000000,5000000.0,0.0,150000.0,0.0,1.0,0.0,150000.0
561,2.0,52,1.0,5.0,3,5000000,4320000.0,0.0,80000.0,375000.0,0.0,1.0,104800.0
566,2.0,37,1.0,3.0,1,1000000,1225000.0,0.0,50000.0,150000.0,0.0,1.0,39250.0
567,2.0,19,1.0,4.0,3,4300000,2870500.0,38250.0,50000.0,200000.0,0.0,1.0,80525.0
569,2.0,30,1.0,2.0,3,2500000,2921000.0,0.0,10000.0,450000.0,0.0,1.0,67250.0
571,2.0,60,1.0,5.0,5,200000,947083.0,0.0,0.0,0.0,1.0,0.0,19354.15039
573,2.0,65,0.0,3.0,3,300000,1145000.0,0.0,50000.0,0.0,1.0,0.0,27250.0
574,2.0,21,1.0,2.0,7,6000000,3066000.0,0.0,0.0,450000.0,0.0,1.0,88500.0
575,2.0,31,1.0,4.0,5,3500000,2780000.0,0.0,0.0,0.0,1.0,0.0,56000.0
579,2.0,30,1.0,2.0,2,3000000,3161917.0,4250.0,50000.0,60000.0,0.0,1.0,36095.85156
581,2.0,39,0.0,1.0,5,2200000,2918000.0,0.0,48000.0,420000.0,0.0,1.0,97700.0
582,2.0,20,1.0,1.0,3,1000000,3078000.0,0.0,60000.0,600000.0,0.0,1.0,85300.0
583,2.0,32,0.0,3.0,4,700000,392667.0,0.0,0.0,0.0,1.0,0.0,4633.350098
585,2.0,23,0.0,4.0,4,3200000,4478500.0,34000.0,85000.0,100000.0,0.0,1.0,103125.0
587,2.0,42,0.0,2.0,6,2800000,2343000.0,0.0,33333.0,0.0,1.0,0.0,49550.0
589,2.0,26,0.0,2.0,4,2000000,2415208.0,19125.0,37500.0,500000.0,0.0,1.0,69960.39844
590,2.0,46,1.0,1.0,4,1500000,1405167.0,0.0,29167.0,300000.0,0.0,1.0,38508.35156
591,2.0,64,0.0,5.0,1,0,75000.0,1000.0,50000.0,0.0,1.0,0.0,2550.0
592,2.0,33,0.0,4.0,4,500000,1248119.0,0.0,333333.0,100000.0,0.0,1.0,36291.64844
593,2.0,62,1.0,5.0,3,750000,2260000.0,35000.0,50000.0,0.0,1.0,0.0,31000.0
595,2.0,28,0.0,2.0,4,4000000,2542916.0,0.0,30000.0,0.0,1.0,0.0,80145.79688
596,2.0,36,1.0,2.0,7,2000000,2059750.0,0.0,16667.0,600000.0,0.0,1.0,45887.5
597,2.0,40,0.0,4.0,5,1500000,1898000.0,0.0,0.0,0.0,1.0,0.0,25700.0
599,2.0,44,0.0,4.0,4,1300000,2402500.0,42500.0,20000.0,150000.0,0.0,1.0,53425.0
601,2.0,34,1.0,0.0,2,2500000,3208500.0,51000.0,50000.0,0.0,1.0,0.0,99425.0
602,2.0,26,0.0,5.0,6,1000000,1000000.0,0.0,229000.0,50000.0,0.0,1.0,59500.0
604,2.0,51,1.0,3.0,5,3700000,1637833.0,0.0,83333.0,0.0,1.0,0.0,31291.65039
608,2.0,18,0.0,2.0,5,2000000,2214000.0,0.0,0.0,0.0,1.0,0.0,37100.0
612,2.0,67,1.0,2.0,2,1000000,981000.0,0.0,0.0,0.0,1.0,0.0,5250.0
613,2.0,49,0.0,4.0,4,2000000,2293000.0,0.0,0.0,600000.0,0.0,1.0,42450.0
614,2.0,47,1.0,2.0,5,2050000,3966167.0,0.0,500000.0,300000.0,0.0,1.0,90708.35156
615,2.0,35,1.0,4.0,4,600000,1138940.0,0.0,16667.0,0.0,1.0,0.0,26604.15039
616,2.0,25,1.0,4.0,3,2000000,1402857.0,50000.0,50000.0,100000.0,0.0,1.0,35857.14844
617,2.0,21,1.0,4.0,6,1000000,7409333.0,0.0,10000.0,1700000.0,0.0,1.0,254466.6563
619,2.0,43,1.0,5.0,6,2000000,2908000.0,0.0,0.0,660000.0,0.0,1.0,99000.0
621,2.0,26,1.0,4.0,4,1800000,2967000.0,0.0,40000.0,0.0,1.0,0.0,43350.0
622,2.0,46,1.0,4.0,1,3000000,3000000.0,0.0,0.0,660000.0,0.0,1.0,53000.0
626,2.0,46,0.0,3.0,4,200000,489000.0,0.0,20000.0,0.0,1.0,0.0,14050.0
627,2.0,50,1.0,4.0,4,5100000,4192917.0,0.0,100000.0,0.0,1.0,0.0,67945.85156
628,2.0,35,0.0,2.0,4,1000000,1471500.0,0.0,27000.0,156000.0,0.0,1.0,41575.0
630,2.0,26,1.0,4.0,2,2500000,3202916.0,0.0,50000.0,600000.0,0.0,1.0,110895.7969
631,2.0,45,1.0,2.0,4,700000,4108333.0,0.0,30000.0,540000.0,0.0,1.0,127416.6484
633,2.0,56,0.0,4.0,4,2400000,2000000.0,0.0,0.0,0.0,1.0,0.0,18200.0
635,2.0,21,0.0,4.0,5,1700000,2184667.0,0.0,50000.0,0.0,1.0,0.0,47633.35156
636,2.0,21,0.0,4.0,4,0,3344000.0,0.0,0.0,600000.0,0.0,1.0,70000.0
637,2.0,18,0.0,5.0,7,6000000,3066000.0,0.0,0.0,450000.0,0.0,1.0,88500.0
638,2.0,42,1.0,3.0,6,50000,151607.0,0.0,4167.0,20000.0,0.0,1.0,6437.5
639,2.0,20,0.0,4.0,3,3000000,2697333.0,51000.0,0.0,450000.0,0.0,1.0,104966.6484
641,2.0,30,1.0,4.0,3,0,1668000.0,0.0,0.0,0.0,1.0,0.0,17200.0
643,2.0,35,1.0,4.0,4,3200000,2189667.0,42500.0,50000.0,100000.0,0.0,1.0,40483.35156
644,2.0,54,1.0,4.0,4,5850000,4440167.0,0.0,250000.0,0.0,1.0,0.0,99458.35156
645,2.0,38,0.0,4.0,4,2000000,2056000.0,0.0,105000.0,270000.0,0.0,1.0,40800.0
646,2.0,34,0.0,4.0,3,3000000,3549000.0,0.0,195000.0,0.0,1.0,0.0,107450.0
647,2.0,23,0.0,2.0,4,2500000,1799833.0,0.0,500000.0,0.0,1.0,0.0,50641.64844
649,2.0,25,1.0,4.0,1,500000,883000.0,0.0,15000.0,100000.0,0.0,1.0,39750.0
650,2.0,37,0.0,4.0,4,2500000,3802000.0,0.0,30000.0,450000.0,0.0,1.0,96200.0
651,2.0,55,0.0,5.0,4,1600000,1688000.0,0.0,0.0,1080000.0,0.0,1.0,22800.0
652,2.0,56,0.0,2.0,3,1500000,2445000.0,0.0,0.0,400000.0,0.0,1.0,44250.0
655,2.0,44,1.0,4.0,3,5000000,2861333.0,0.0,29167.0,0.0,1.0,0.0,24266.65039
656,2.0,33,0.0,2.0,4,2100000,2892000.0,0.0,85000.0,765000.0,0.0,1.0,93800.0
658,2.0,75,1.0,3.0,6,200000,354351.0,20000.0,0.0,0.0,1.0,0.0,6860.399902
659,2.0,36,1.0,3.0,4,1600000,568500.0,0.0,0.0,0.0,1.0,0.0,23225.0
663,2.0,35,1.0,2.0,2,2500000,1908000.0,0.0,0.0,150000.0,0.0,1.0,28600.0
664,2.0,30,0.0,4.0,3,2000000,2201000.0,0.0,73000.0,88000.0,0.0,1.0,52850.0
666,2.0,22,0.0,4.0,4,3500000,1903500.0,34000.0,29167.0,0.0,1.0,0.0,27175.0
668,2.0,18,1.0,5.0,3,1000000,2154000.0,0.0,0.0,900000.0,0.0,1.0,57700.0
669,2.0,25,0.0,4.0,4,3500000,7316000.0,0.0,350000.0,150000.0,0.0,1.0,153100.0
671,2.0,45,0.0,4.0,3,1000000,3275000.0,0.0,40000.0,0.0,1.0,0.0,52750.0
672,2.0,20,0.0,4.0,7,3000000,2360000.0,0.0,0.0,0.0,1.0,0.0,44000.0
673,2.0,25,1.0,4.0,5,3000000,2618833.0,25500.0,0.0,400000.0,0.0,1.0,77941.64844
674,2.0,34,1.0,4.0,3,2300000,2594000.0,0.0,60000.0,600000.0,0.0,1.0,67700.0
677,2.0,35,0.0,1.0,6,5500000,2250000.0,10000.0,0.0,60000.0,0.0,1.0,33500.0
679,2.0,27,1.0,0.0,3,6000000,2710000.0,0.0,0.0,300000.0,0.0,1.0,87500.0
681,2.0,26,1.0,6.0,2,2500000,3242666.0,51000.0,100000.0,500000.0,0.0,1.0,99633.29688
682,2.0,27,0.0,2.0,4,2800000,625000.0,0.0,0.0,210000.0,0.0,1.0,23250.0
683,2.0,45,0.0,4.0,4,5500000,2557000.0,0.0,25000.0,0.0,1.0,0.0,52150.0
687,2.0,41,0.0,4.0,4,2000000,2132000.0,51000.0,50000.0,0.0,1.0,0.0,42200.0
688,2.0,62,0.0,2.0,2,1500000,1161000.0,0.0,0.0,0.0,1.0,0.0,8050.0
689,2.0,48,0.0,2.0,3,5000000,3236125.0,10625.0,120000.0,200000.0,0.0,1.0,88806.25
690,2.0,35,1.0,3.0,6,2800000,2650000.0,0.0,7000.0,300000.0,0.0,1.0,74325.0
691,2.0,65,0.0,5.0,3,1300000,1028917.0,0.0,29167.0,0.0,1.0,0.0,34245.85156
694,2.0,45,0.0,4.0,3,3000000,1780000.0,0.0,0.0,0.0,1.0,0.0,16200.0
696,2.0,55,0.0,2.0,4,3500000,3149167.0,8500.0,6250.0,0.0,1.0,0.0,29158.34961
710,2.0,28,1.0,4.0,7,0,3929500.0,0.0,0.0,540000.0,0.0,1.0,50475.0
711,2.0,44,0.0,2.0,6,2900000,2500000.0,0.0,40000.0,0.0,1.0,0.0,111250.0
712,2.0,40,0.0,0.0,5,1500000,2897000.0,0.0,0.0,36000.0,0.0,1.0,69850.0
713,2.0,28,0.0,4.0,7,2250000,3540833.0,0.0,40000.0,0.0,1.0,0.0,103241.6484
716,2.0,27,1.0,4.0,4,3500000,2172000.0,0.0,22000.0,360000.0,0.0,1.0,94000.0
719,2.0,54,0.0,3.0,6,700000,525119.0,0.0,41667.0,0.0,1.0,0.0,22827.34961
720,2.0,38,0.0,2.0,6,2850000,2450000.0,0.0,0.0,728000.0,0.0,1.0,85225.0
724,2.0,34,0.0,4.0,6,1500000,1248000.0,0.0,20000.0,150000.0,0.0,1.0,32400.0
725,2.0,38,0.0,2.0,6,1050000,3172000.0,0.0,0.0,0.0,1.0,0.0,51600.0
726,2.0,35,0.0,3.0,8,700000,679714.0,0.0,20000.0,0.0,1.0,0.0,22166.65039
727,2.0,73,1.0,3.0,2,50000,452917.0,0.0,45000.0,0.0,1.0,0.0,13745.84961
728,2.0,32,1.0,4.0,3,4000000,3000000.0,30000.0,400000.0,504000.0,0.0,1.0,81500.0
729,2.0,55,0.0,4.0,4,200000,4320000.0,0.0,0.0,0.0,1.0,0.0,92000.0
731,2.0,53,0.0,2.0,4,4000000,1597667.0,0.0,29167.0,0.0,1.0,0.0,41583.35156
732,2.0,20,0.0,4.0,4,0,3080000.0,0.0,0.0,0.0,1.0,0.0,70000.0
733,2.0,47,1.0,4.0,4,2000000,2035000.0,0.0,0.0,0.0,1.0,0.0,18550.0
734,2.0,32,1.0,4.0,4,5500000,5745000.0,0.0,0.0,0.0,1.0,0.0,182250.0
737,2.0,42,0.0,0.0,6,3500000,2965000.0,0.0,20000.0,0.0,1.0,0.0,119450.0
740,2.0,49,0.0,4.0,5,2500000,2116500.0,0.0,12500.0,450000.0,0.0,1.0,47725.0
741,2.0,64,1.0,2.0,2,1500000,1057000.0,0.0,150000.0,0.0,1.0,0.0,9850.0
744,2.0,56,1.0,3.0,5,600000,1025953.0,0.0,0.0,0.0,1.0,0.0,35583.35156
746,2.0,31,1.0,4.0,4,2450000,1525661.0,6375.0,0.0,10000.0,0.0,1.0,29568.75
747,2.0,22,0.0,4.0,3,0,2844000.0,0.0,0.0,0.0,1.0,0.0,55000.0
748,2.0,27,0.0,4.0,4,4800000,2536000.0,0.0,10000.0,450000.0,0.0,1.0,56600.0
750,2.0,59,1.0,3.0,2,5000000,2937000.0,51000.0,100000.0,200000.0,0.0,1.0,104050.0
751,2.0,29,0.0,4.0,4,1000000,1088000.0,0.0,0.0,0.0,1.0,0.0,25600.0
753,2.0,63,0.0,3.0,5,500000,4402571.0,0.0,2500000.0,90000.0,0.0,1.0,203785.7031
754,2.0,30,1.0,3.0,4,4000000,2380000.0,0.0,0.0,0.0,1.0,0.0,30000.0
759,2.0,46,0.0,5.0,7,200000,1246667.0,0.0,10000.0,70000.0,0.0,1.0,24333.34961
760,2.0,70,1.0,2.0,3,2500000,1401000.0,0.0,5000.0,15000.0,0.0,1.0,41650.0
761,2.0,41,0.0,4.0,3,3000000,1204000.0,0.0,0.0,0.0,1.0,0.0,14600.0
762,2.0,53,1.0,0.0,6,4500000,6059000.0,0.0,50000.0,0.0,1.0,0.0,242950.0
763,2.0,21,1.0,4.0,3,0,3368000.0,0.0,0.0,600000.0,0.0,1.0,90000.0
764,2.0,35,0.0,4.0,5,3000000,2323000.0,0.0,0.0,0.0,1.0,0.0,26350.0
768,2.0,47,0.0,0.0,3,1500000,1200000.0,0.0,40000.0,0.0,1.0,0.0,31600.0
771,2.0,39,0.0,2.0,4,700000,2380167.0,0.0,35000.0,20000.0,0.0,1.0,52008.35156
773,2.0,21,0.0,1.0,4,2000000,2339333.0,8500.0,20833.0,504000.0,0.0,1.0,51466.64844
774,2.0,35,0.0,2.0,4,100000,1140667.0,0.0,0.0,0.0,1.0,0.0,27033.34961
775,2.0,31,1.0,3.0,3,200000,1572381.0,51000.0,333333.0,0.0,1.0,0.0,65333.35156
782,2.0,36,0.0,4.0,5,3100000,1112000.0,25500.0,41667.0,45000.0,0.0,1.0,22700.0
784,2.0,28,1.0,4.0,3,3000000,2137500.0,0.0,10000.0,0.0,1.0,0.0,40875.0
785,2.0,60,0.0,4.0,5,2000000,1716000.0,0.0,0.0,0.0,1.0,0.0,16000.0
786,2.0,43,0.0,4.0,3,2000000,1712000.0,0.0,0.0,0.0,1.0,0.0,23200.0
790,2.0,42,0.0,4.0,3,1500000,1280000.0,0.0,0.0,140000.0,0.0,1.0,21200.0
791,2.0,30,0.0,4.0,4,2500000,4339500.0,0.0,35000.0,80000.0,0.0,1.0,126725.0
800,2.0,62,1.0,3.0,5,200000,446797.0,0.0,23000.0,200000.0,0.0,1.0,17654.15039
801,2.0,71,1.0,2.0,3,2500000,1146000.0,0.0,5000.0,0.0,1.0,0.0,37900.0
802,2.0,50,1.0,4.0,4,2350000,2200000.0,0.0,0.0,0.0,1.0,0.0,49100.0
808,2.0,48,0.0,4.0,3,1700000,2068167.0,0.0,50000.0,30000.0,0.0,1.0,47508.35156
810,2.0,61,0.0,3.0,6,300000,1957631.0,12750.0,28750.0,0.0,1.0,0.0,65595.85156
812,2.0,36,0.0,2.0,4,1200000,2518667.0,34000.0,21667.0,0.0,1.0,0.0,46333.35156
815,2.0,23,1.0,4.0,7,3000000,2360000.0,0.0,0.0,0.0,1.0,0.0,44000.0
816,2.0,45,1.0,4.0,3,1500000,5313750.0,0.0,75000.0,180000.0,0.0,1.0,95687.5
819,2.0,47,1.0,4.0,4,1500000,1320333.0,0.0,0.0,0.0,1.0,0.0,56016.64844
820,2.0,21,0.0,4.0,3,2400000,2505000.0,0.0,0.0,0.0,1.0,0.0,64050.0
822,2.0,36,1.0,4.0,3,4000000,3356167.0,0.0,200000.0,0.0,1.0,0.0,69008.35156
823,2.0,52,0.0,3.0,4,400000,520000.0,0.0,0.0,0.0,1.0,0.0,8000.0
827,2.0,26,0.0,2.0,2,2600000,2036833.0,25500.0,50000.0,100000.0,0.0,1.0,54841.64844
828,2.0,22,0.0,4.0,3,1500000,2102333.0,0.0,2000.0,0.0,1.0,0.0,28016.65039
835,2.0,30,0.0,4.0,5,1500000,807000.0,0.0,0.0,0.0,1.0,0.0,16350.0
836,2.0,43,1.0,4.0,4,900000,2240000.0,0.0,500000.0,0.0,1.0,0.0,80800.0
837,2.0,57,0.0,4.0,6,200000,920000.0,0.0,0.0,0.0,1.0,0.0,25000.0
838,2.0,30,0.0,0.0,4,5000000,5000000.0,0.0,200000.0,0.0,1.0,0.0,100000.0
839,2.0,26,1.0,5.0,2,2400000,1666667.0,0.0,16667.0,550000.0,0.0,1.0,62333.35156
840,2.0,46,0.0,3.0,5,3500000,2416833.0,0.0,300000.0,250000.0,0.0,1.0,69541.64844
842,2.0,43,1.0,4.0,5,1000000,1903667.0,0.0,60000.0,72000.0,0.0,1.0,23183.34961
844,2.0,47,0.0,2.0,3,1200000,499000.0,0.0,50000.0,0.0,1.0,0.0,12650.0
847,2.0,21,0.0,4.0,4,3000000,2240167.0,0.0,29167.0,400000.0,0.0,1.0,43208.35156
848,2.0,55,1.0,4.0,2,1500000,2671000.0,0.0,0.0,900000.0,0.0,1.0,70550.0
850,2.0,37,0.0,4.0,4,3000000,3980000.0,0.0,35000.0,600000.0,0.0,1.0,89400.0
851,2.0,28,0.0,3.0,4,1800000,1795333.0,0.0,12500.0,420000.0,0.0,1.0,56966.64844
852,2.0,22,0.0,4.0,4,0,2750000.0,0.0,0.0,0.0,1.0,0.0,117500.0
859,2.0,42,0.0,3.0,6,3000000,5596000.0,0.0,10000.0,30000.0,0.0,1.0,172000.0
860,2.0,52,0.0,4.0,3,2000000,6778000.0,0.0,150000.0,0.0,1.0,0.0,77900.0
861,2.0,28,0.0,4.0,4,5000000,2984333.0,51000.0,0.0,0.0,1.0,0.0,89716.64844
863,2.0,60,0.0,3.0,6,0,2787500.0,0.0,280000.0,0.0,1.0,0.0,69375.0
864,2.0,62,1.0,3.0,5,400000,600000.0,0.0,15000.0,150000.0,0.0,1.0,21000.0
865,2.0,70,1.0,5.0,1,800000,828750.0,12750.0,30000.0,0.0,1.0,0.0,14237.5
867,2.0,34,0.0,4.0,3,2500000,3247000.0,30000.0,25000.0,450000.0,0.0,1.0,86350.0
868,2.0,37,0.0,2.0,1,1000000,1744000.0,0.0,0.0,80000.0,0.0,1.0,30800.0
870,2.0,42,1.0,4.0,7,500000,5231083.0,12750.0,25000.0,1200000.0,0.0,1.0,214054.1563
871,2.0,53,0.0,5.0,1,1500000,1794000.0,0.0,0.0,0.0,1.0,0.0,15300.0
872,2.0,50,0.0,3.0,4,3000000,3066000.0,0.0,150000.0,350000.0,0.0,1.0,85300.0
874,2.0,50,0.0,4.0,4,1500000,936547.0,0.0,1667.0,50000.0,0.0,1.0,17541.65039
875,2.0,55,1.0,5.0,2,1500000,2685000.0,35000.0,200000.0,0.0,1.0,0.0,124250.0
877,2.0,32,1.0,2.0,4,3000000,2361333.0,0.0,10000.0,270000.0,0.0,1.0,74066.64844
879,2.0,46,0.0,4.0,6,5500000,5084750.0,25500.0,175000.0,450000.0,0.0,1.0,133337.5
881,2.0,32,0.0,4.0,3,1800000,1638000.0,0.0,100000.0,90000.0,0.0,1.0,46100.0
883,2.0,75,1.0,3.0,2,500000,777000.0,35000.0,0.0,0.0,1.0,0.0,12050.0
884,2.0,32,0.0,2.0,3,4000000,3295500.0,0.0,100000.0,390000.0,0.0,1.0,94775.0
885,2.0,55,1.0,5.0,4,600000,7135000.0,0.0,168000.0,952000.0,0.0,1.0,174950.0
886,2.0,73,0.0,3.0,2,1000000,1286000.0,0.0,0.0,180000.0,0.0,1.0,36500.0
889,2.0,60,0.0,3.0,4,1500000,650000.0,0.0,0.0,0.0,1.0,0.0,12500.0
890,2.0,75,1.0,3.0,3,600000,121000.0,0.0,0.0,0.0,1.0,0.0,1050.0
895,2.0,36,1.0,2.0,4,2000000,2346500.0,0.0,125000.0,500000.0,0.0,1.0,57275.0
896,2.0,30,1.0,4.0,7,3000000,6941667.0,0.0,20000.0,2700000.0,0.0,1.0,274083.3438
897,2.0,47,0.0,4.0,5,2500000,1093476.0,0.0,125000.0,0.0,1.0,0.0,21816.65039
899,2.0,54,1.0,3.0,5,3150000,2862100.0,0.0,25000.0,257100.0,0.0,1.0,78505.0
901,2.0,36,1.0,4.0,4,1200000,1100000.0,0.0,25000.0,1620000.0,0.0,1.0,27150.0
902,2.0,33,0.0,4.0,4,2000000,2942500.0,0.0,100000.0,450000.0,0.0,1.0,76125.0
903,2.0,34,0.0,2.0,5,1000000,5237000.0,0.0,0.0,900000.0,0.0,1.0,153250.0
905,2.0,50,1.0,4.0,3,2700000,5786000.0,0.0,200000.0,0.0,1.0,0.0,197300.0
908,2.0,56,1.0,2.0,2,1700000,1142000.0,0.0,0.0,0.0,1.0,0.0,8300.0
910,2.0,49,0.0,2.0,5,3000000,2967917.0,0.0,0.0,0.0,1.0,0.0,92395.85156
911,2.0,40,0.0,0.0,3,0,759000.0,0.0,0.0,0.0,1.0,0.0,37950.0
912,2.0,29,1.0,4.0,3,5000000,3522000.0,0.0,10000.0,450000.0,0.0,1.0,122500.0
914,2.0,21,0.0,4.0,4,0,2680000.0,0.0,0.0,0.0,1.0,0.0,30000.0
916,2.0,22,1.0,4.0,4,2000000,3150000.0,0.0,0.0,0.0,1.0,0.0,37500.0
918,2.0,51,1.0,4.0,4,3000000,2230833.0,44167.0,12500.0,166667.0,0.0,1.0,40841.64844
921,2.0,22,0.0,4.0,4,0,1732000.0,0.0,0.0,0.0,1.0,0.0,46100.0
923,2.0,40,0.0,3.0,3,1000000,3103000.0,0.0,150000.0,147000.0,0.0,1.0,47550.0
924,2.0,29,0.0,2.0,4,2000000,2787000.0,0.0,0.0,510000.0,0.0,1.0,64350.0
925,2.0,41,0.0,4.0,4,4700000,2949500.0,0.0,102000.0,540000.0,0.0,1.0,90475.0
926,2.0,26,1.0,4.0,4,5100000,5235000.0,0.0,15000.0,540000.0,0.0,1.0,149150.0
927,2.0,46,0.0,2.0,4,6000000,3305000.0,17000.0,120000.0,400000.0,0.0,1.0,67250.0
928,2.0,61,1.0,2.0,2,2500000,2694583.0,0.0,50000.0,0.0,1.0,0.0,48229.14844
930,2.0,30,1.0,4.0,2,2500000,2788400.0,30000.0,400000.0,300000.0,0.0,1.0,84220.0
936,2.0,47,0.0,4.0,4,0,1504000.0,0.0,0.0,0.0,1.0,0.0,20000.0
937,2.0,19,1.0,4.0,5,2600000,1380000.0,0.0,0.0,150000.0,0.0,1.0,53000.0
941,2.0,28,1.0,4.0,3,3000000,3029333.0,51000.0,0.0,450000.0,0.0,1.0,104966.6484
942,2.0,26,0.0,2.0,4,2000000,2157750.0,12750.0,45000.0,450000.0,0.0,1.0,60087.5
943,2.0,30,1.0,4.0,4,5000000,2254333.0,51000.0,0.0,120000.0,0.0,1.0,95716.64844
946,2.0,48,1.0,2.0,3,1000000,1828000.0,0.0,0.0,0.0,1.0,0.0,61800.0
947,2.0,57,1.0,2.0,7,6000000,3066000.0,0.0,0.0,450000.0,0.0,1.0,88500.0
948,2.0,35,1.0,4.0,3,4000000,2298000.0,0.0,0.0,120000.0,0.0,1.0,52700.0
949,2.0,66,1.0,3.0,5,0,2139167.0,0.0,0.0,900000.0,0.0,1.0,100958.3516
954,2.0,42,0.0,1.0,6,4500000,3464000.0,50000.0,150000.0,300000.0,0.0,1.0,116200.0
958,2.0,44,0.0,2.0,5,800000,4378083.0,0.0,15000.0,60000.0,0.0,1.0,144104.1563
961,2.0,25,0.0,4.0,4,2000000,2064417.0,33333.0,20833.0,500000.0,0.0,1.0,48370.85156
963,2.0,58,0.0,5.0,2,1500000,1395000.0,0.0,0.0,0.0,1.0,0.0,19350.0
964,2.0,23,0.0,0.0,3,2000000,1360000.0,50000.0,50000.0,100000.0,0.0,1.0,35000.0
965,2.0,34,0.0,4.0,3,2500000,2678000.0,0.0,0.0,450000.0,0.0,1.0,51500.0
966,2.0,43,1.0,2.0,4,50000,898750.0,0.0,4167.0,15000.0,0.0,1.0,38937.5
967,2.0,43,0.0,2.0,6,3900000,2882666.0,0.0,6000.0,780000.0,0.0,1.0,85933.29688
969,2.0,61,0.0,3.0,1,1000000,2312500.0,0.0,100000.0,0.0,1.0,0.0,45625.0
970,2.0,41,0.0,4.0,7,3200000,4719500.0,0.0,2000.0,0.0,1.0,0.0,154375.0
972,2.0,54,1.0,3.0,7,2500000,2710000.0,0.0,10000.0,0.0,1.0,0.0,55500.0
973,2.0,33,0.0,4.0,4,1500000,3272000.0,30000.0,0.0,660000.0,0.0,1.0,76000.0
976,2.0,42,0.0,2.0,6,2000000,3730000.0,0.0,0.0,750000.0,0.0,1.0,105300.0
978,2.0,24,1.0,4.0,6,2400000,1835917.0,0.0,100000.0,104000.0,0.0,1.0,47095.85156
980,2.0,42,0.0,3.0,4,4200000,3300000.0,0.0,10000.0,900000.0,0.0,1.0,50000.0
983,2.0,34,0.0,4.0,4,1500000,2642000.0,0.0,0.0,0.0,1.0,0.0,64500.0
984,2.0,64,1.0,5.0,1,1000000,1063000.0,0.0,25000.0,240000.0,0.0,1.0,22350.0
985,2.0,49,1.0,3.0,4,300000,192333.0,0.0,0.0,0.0,1.0,0.0,3616.649902
986,2.0,49,0.0,2.0,3,2910000,2741250.0,42500.0,20000.0,0.0,1.0,0.0,85462.5
989,2.0,40,1.0,2.0,7,6000000,3066000.0,0.0,0.0,450000.0,0.0,1.0,88500.0
991,2.0,41,1.0,4.0,4,3200000,4880750.0,27083.0,2100000.0,300000.0,0.0,1.0,194237.5
992,2.0,33,0.0,4.0,5,1000000,4084000.0,0.0,50000.0,600000.0,0.0,1.0,77600.0
995,2.0,60,1.0,3.0,2,1500000,880667.0,51000.0,12500.0,0.0,1.0,0.0,16483.34961
996,2.0,24,0.0,4.0,3,1000000,1936250.0,0.0,13750.0,364000.0,0.0,1.0,46012.5
997,2.0,44,1.0,2.0,6,1300000,4175000.0,0.0,0.0,300000.0,0.0,1.0,133750.0
1001,2.0,44,0.0,4.0,5,300000,307346.0,0.0,16667.0,0.0,1.0,0.0,12795.84961
1002,2.0,39,0.0,3.0,6,5500000,5350000.0,0.0,2000.0,225000.0,0.0,1.0,137675.0
1005,2.0,23,1.0,0.0,3,6000000,2710000.0,0.0,0.0,300000.0,0.0,1.0,87500.0
1007,2.0,19,1.0,4.0,5,3200000,3009667.0,0.0,150000.0,150000.0,0.0,1.0,69483.35156
1009,2.0,22,1.0,4.0,4,0,2780000.0,0.0,0.0,600000.0,0.0,1.0,45000.0
1010,2.0,41,1.0,4.0,2,2700000,3144167.0,0.0,100000.0,450000.0,0.0,1.0,87558.35156
1011,2.0,62,1.0,3.0,6,200000,601625.0,2125.0,0.0,0.0,1.0,0.0,12081.25
1012,2.0,39,0.0,3.0,4,0,1051000.0,0.0,0.0,0.0,1.0,0.0,17550.0
1014,2.0,36,0.0,2.0,4,2000000,4865000.0,0.0,20000.0,2100000.0,0.0,1.0,173250.0
1015,2.0,45,0.0,4.0,5,3020000,3996833.0,0.0,40000.0,0.0,1.0,0.0,69841.64844
1016,2.0,32,0.0,4.0,3,2000000,1958000.0,0.0,0.0,0.0,1.0,0.0,76050.0
1017,2.0,28,1.0,4.0,1,2400000,1175000.0,0.0,45000.0,420000.0,0.0,1.0,36250.0
1019,2.0,38,0.0,4.0,3,500000,509167.0,0.0,0.0,0.0,1.0,0.0,14858.34961
1020,2.0,66,1.0,2.0,2,1500000,954000.0,0.0,0.0,0.0,1.0,0.0,8500.0
1023,2.0,47,0.0,4.0,6,2700000,4323476.0,0.0,166667.0,600000.0,0.0,1.0,146916.6563
1026,2.0,45,0.0,4.0,4,3000000,2754500.0,25500.0,250000.0,150000.0,0.0,1.0,60725.0
1028,2.0,45,1.0,2.0,6,1500000,1350000.0,0.0,10000.0,0.0,1.0,0.0,41675.0
1029,2.0,33,1.0,4.0,4,1000000,1960000.0,0.0,0.0,900000.0,0.0,1.0,49700.0
1031,2.0,65,0.0,3.0,5,2500000,2605404.0,0.0,200000.0,0.0,1.0,0.0,51041.64844
1033,2.0,23,0.0,4.0,3,1500000,2486000.0,0.0,38000.0,420000.0,0.0,1.0,42500.0
1034,2.0,25,0.0,0.0,4,3000000,4630542.0,53125.0,1666667.0,0.0,1.0,0.0,143227.0938
1035,2.0,44,1.0,4.0,5,3000000,3919000.0,0.0,0.0,0.0,1.0,0.0,100550.0
1039,2.0,36,0.0,3.0,2,0,684167.0,0.0,0.0,0.0,1.0,0.0,6208.350098
1041,2.0,20,0.0,4.0,4,5500000,2409000.0,0.0,100000.0,0.0,1.0,0.0,50850.0
1044,2.0,60,1.0,5.0,3,1500000,1218000.0,0.0,350000.0,0.0,1.0,0.0,30500.0
1045,2.0,49,1.0,4.0,4,3400000,4298167.0,25500.0,100000.0,0.0,1.0,0.0,137908.3438
1046,2.0,50,0.0,3.0,1,0,1108167.0,0.0,0.0,0.0,1.0,0.0,13408.34961
1048,2.0,24,0.0,0.0,3,2000000,2031667.0,0.0,55000.0,425000.0,0.0,1.0,50283.35156
1049,2.0,43,0.0,4.0,3,4000000,2262167.0,25500.0,29167.0,0.0,1.0,0.0,45408.35156
1050,2.0,23,0.0,0.0,3,1500000,1866000.0,50000.0,50000.0,300000.0,0.0,1.0,46500.0
1051,2.0,21,1.0,0.0,4,3000000,3995833.0,0.0,0.0,0.0,1.0,0.0,119791.6484
1052,2.0,42,0.0,4.0,5,3000000,4416000.0,0.0,0.0,450000.0,0.0,1.0,106200.0
1055,2.0,36,0.0,4.0,4,1000000,1226167.0,0.0,25000.0,0.0,1.0,0.0,20958.34961
1057,2.0,50,0.0,5.0,3,3000000,3940417.0,0.0,58333.0,540000.0,0.0,1.0,99020.85156
1058,2.0,34,0.0,4.0,5,5000000,2558000.0,0.0,100000.0,0.0,1.0,0.0,88100.0
1060,2.0,55,0.0,5.0,3,3500000,2051000.0,0.0,250000.0,0.0,1.0,0.0,56750.0
1062,2.0,64,0.0,2.0,2,1500000,1818000.0,0.0,0.0,0.0,1.0,0.0,34300.0
1063,2.0,34,0.0,4.0,2,2000000,2227000.0,0.0,43000.0,210000.0,0.0,1.0,63750.0
1064,2.0,43,1.0,3.0,6,200000,338238.0,0.0,0.0,10000.0,0.0,1.0,12826.2002
1065,2.0,24,0.0,4.0,3,2500000,2318708.0,6375.0,16667.0,0.0,1.0,0.0,41735.39844
1067,2.0,28,0.0,4.0,3,2000000,5808333.0,0.0,40000.0,0.0,1.0,0.0,119916.6484
1069,2.0,70,1.0,4.0,3,100000,634453.0,0.0,25000.0,25000.0,0.0,1.0,21208.34961
1071,2.0,67,0.0,3.0,4,3000000,1537000.0,0.0,0.0,0.0,1.0,0.0,25850.0
1073,2.0,52,1.0,0.0,4,6000000,7814333.0,0.0,50000.0,0.0,1.0,0.0,195216.6563
1074,2.0,31,0.0,4.0,3,3000000,1475000.0,0.0,20000.0,0.0,1.0,0.0,45150.0
1076,2.0,22,1.0,4.0,5,3000000,2730083.0,25500.0,50000.0,300000.0,0.0,1.0,109504.1484
1077,2.0,25,0.0,2.0,3,3500000,3024042.0,31875.0,50000.0,250000.0,0.0,1.0,104602.1016
1078,2.0,45,0.0,3.0,6,2000000,3722583.0,0.0,15000.0,500000.0,0.0,1.0,119729.1484
1080,2.0,45,1.0,4.0,4,2820000,3350667.0,42500.0,165000.0,180000.0,0.0,1.0,80333.35156
1083,2.0,49,0.0,4.0,3,3000000,2870000.0,0.0,2000.0,0.0,1.0,0.0,94100.0
1084,2.0,25,0.0,2.0,4,2500000,2492000.0,0.0,0.0,510000.0,0.0,1.0,70800.0
1085,2.0,48,0.0,4.0,3,2000000,1670000.0,0.0,0.0,0.0,1.0,0.0,20700.0
1086,2.0,36,0.0,4.0,3,3000000,3831667.0,0.0,0.0,450000.0,0.0,1.0,121583.3516
1090,2.0,26,1.0,4.0,4,1000000,3230000.0,0.0,20000.0,0.0,1.0,0.0,95500.0
1091,2.0,26,0.0,4.0,5,2400000,2464000.0,0.0,0.0,0.0,1.0,0.0,28600.0
1095,2.0,33,0.0,4.0,4,4000000,3730583.0,0.0,0.0,0.0,1.0,0.0,46529.14844
1097,2.0,34,1.0,4.0,5,1000000,3963536.0,0.0,2500000.0,0.0,1.0,0.0,172062.5
1103,2.0,18,1.0,5.0,4,3000000,3995833.0,0.0,0.0,0.0,1.0,0.0,119791.6484
1107,2.0,42,0.0,4.0,5,4000000,2887000.0,0.0,100000.0,0.0,1.0,0.0,44550.0
1108,2.0,42,1.0,2.0,6,2100000,3706583.0,38250.0,66667.0,0.0,1.0,0.0,111529.1484
1109,2.0,60,1.0,2.0,2,700000,920000.0,0.0,12000.0,0.0,1.0,0.0,11600.0
1111,2.0,45,0.0,4.0,6,4700000,3070958.0,15000.0,50000.0,330000.0,0.0,1.0,120147.8984
1112,2.0,41,1.0,4.0,5,4300000,2750500.0,42500.0,50000.0,150000.0,0.0,1.0,39525.0
1113,2.0,55,1.0,4.0,5,5500000,2130083.0,0.0,41667.0,0.0,1.0,0.0,30304.15039
1114,2.0,54,0.0,2.0,7,4500000,2543417.0,8500.0,29167.0,0.0,1.0,0.0,40370.85156
1115,2.0,48,1.0,4.0,4,3000000,2929583.0,0.0,100000.0,0.0,1.0,0.0,78979.14844
1116,2.0,56,1.0,2.0,3,2100000,2833792.0,0.0,3458.0,660000.0,0.0,1.0,69689.60156
1117,2.0,43,0.0,4.0,3,3000000,2316500.0,0.0,3500.0,0.0,1.0,0.0,43575.0
1120,2.0,46,0.0,5.0,4,1050000,1000000.0,0.0,165000.0,0.0,1.0,0.0,34500.0
1121,2.0,36,0.0,2.0,4,2000000,2333000.0,51000.0,20833.0,0.0,1.0,0.0,41950.0
1123,2.0,42,1.0,2.0,4,6000000,4944000.0,0.0,54000.0,600000.0,0.0,1.0,96200.0
1124,2.0,28,1.0,3.0,3,950000,297500.0,0.0,4167.0,0.0,1.0,0.0,9875.0
1126,0.0,43,1.0,4.0,4,1300000,2122470.0,0.0,70000.0,150000.0,0.0,1.0,67657.10156
1128,0.0,65,1.0,5.0,3,3500000,1668000.0,0.0,0.0,0.0,1.0,0.0,33500.0
1130,0.0,19,0.0,4.0,4,1500000,1494667.0,0.0,0.0,0.0,1.0,0.0,19933.34961
1132,0.0,39,0.0,4.0,4,1600000,1501000.0,0.0,0.0,0.0,1.0,0.0,41250.0
1133,0.0,26,0.0,1.0,3,3000000,1866000.0,0.0,26000.0,40000.0,0.0,1.0,45300.0
1136,0.0,30,0.0,4.0,3,3500000,2969167.0,0.0,50000.0,0.0,1.0,0.0,82458.35156
1142,0.0,58,1.0,5.0,3,1750000,1802000.0,0.0,0.0,0.0,1.0,0.0,61700.0
1143,0.0,33,1.0,4.0,3,1000000,2394000.0,45000.0,50000.0,330000.0,0.0,1.0,84500.0
1145,0.0,27,0.0,4.0,5,3500000,3450000.0,0.0,0.0,0.0,1.0,0.0,72725.0
1146,0.0,27,1.0,5.0,3,2400000,2611000.0,0.0,16667.0,0.0,1.0,0.0,67750.0
1148,0.0,34,0.0,5.0,5,2000000,1916541.0,0.0,15000.0,0.0,1.0,0.0,51027.25
1150,0.0,41,1.0,4.0,4,5000000,4617667.0,51000.0,8333.0,252000.0,0.0,1.0,127983.3516
1151,0.0,26,0.0,4.0,3,2400000,2080667.0,0.0,0.0,15000.0,0.0,1.0,41333.35156
1152,0.0,51,0.0,2.0,3,1000000,2121315.0,51000.0,2916.0,0.0,1.0,0.0,63892.75
1154,0.0,26,0.0,4.0,4,1200000,1073333.0,0.0,0.0,0.0,1.0,0.0,15666.65039
1156,0.0,41,0.0,4.0,4,4000000,4666667.0,0.0,0.0,0.0,1.0,0.0,110583.3516
1159,0.0,26,0.0,4.0,5,2571428,2830829.0,0.0,43333.0,0.0,1.0,0.0,108874.8516
1160,0.0,60,1.0,2.0,3,3000000,3000000.0,0.0,14000.0,0.0,1.0,0.0,61500.0
1165,0.0,35,0.0,4.0,2,2700000,2714000.0,0.0,0.0,0.0,1.0,0.0,83500.0
1166,0.0,47,1.0,4.0,5,4000000,3606000.0,51000.0,50000.0,0.0,1.0,0.0,125300.0
1171,0.0,64,1.0,3.0,1,500000,400000.0,0.0,0.0,330000.0,0.0,1.0,20000.0
1172,0.0,21,0.0,2.0,4,1000000,2184000.0,0.0,10000.0,540000.0,0.0,1.0,55200.0
1173,0.0,28,1.0,4.0,2,2200000,1096000.0,0.0,0.0,0.0,1.0,0.0,30200.0
1174,0.0,31,0.0,4.0,3,2057142,1362222.0,0.0,30000.0,0.0,1.0,0.0,17877.90039
1175,0.0,35,0.0,0.0,3,4700000,3517161.0,25500.0,15000.0,0.0,1.0,0.0,79724.85156
1176,0.0,43,0.0,3.0,4,2500000,1023667.0,0.0,12500.0,0.0,1.0,0.0,30383.34961
1177,0.0,28,0.0,4.0,4,2000000,3706667.0,0.0,0.0,0.0,1.0,0.0,73333.35156
1178,0.0,34,1.0,2.0,4,2200000,1955667.0,0.0,0.0,64000.0,0.0,1.0,39783.35156
1179,0.0,43,1.0,4.0,7,500000,950000.0,0.0,0.0,450000.0,0.0,1.0,47500.0
1180,0.0,50,0.0,4.0,4,3500000,3075000.0,0.0,0.0,0.0,1.0,0.0,71750.0
1181,0.0,32,0.0,4.0,4,2000000,2606667.0,0.0,0.0,195000.0,0.0,1.0,89333.35156
1183,0.0,20,1.0,2.0,4,2000000,2215000.0,0.0,100000.0,0.0,1.0,0.0,26750.0
1185,0.0,41,1.0,2.0,4,6000000,2034333.0,0.0,8333.0,0.0,1.0,0.0,41616.64844
1187,0.0,51,1.0,2.0,3,2800000,2750000.0,0.0,0.0,0.0,1.0,0.0,66700.0
1190,0.0,29,1.0,4.0,3,3200000,2158000.0,0.0,0.0,0.0,1.0,0.0,81000.0
1193,0.0,46,0.0,4.0,6,1000000,1695000.0,0.0,0.0,0.0,1.0,0.0,21750.0
1201,0.0,45,1.0,4.0,5,2000000,2250000.0,0.0,0.0,100000.0,0.0,1.0,60000.0
1203,0.0,36,1.0,4.0,4,1000000,1691000.0,0.0,0.0,100000.0,0.0,1.0,52050.0
1204,0.0,30,1.0,3.0,5,3000000,3936333.0,0.0,0.0,600000.0,0.0,1.0,81166.64844
1205,0.0,26,1.0,4.0,4,1500000,1766667.0,0.0,0.0,0.0,1.0,0.0,22333.34961
1208,0.0,48,0.0,3.0,3,1200000,1850667.0,0.0,0.0,320000.0,0.0,1.0,47733.35156
1209,0.0,65,1.0,3.0,1,4500000,1505000.0,0.0,0.0,100000.0,0.0,1.0,48250.0
1212,0.0,47,1.0,2.0,4,2000000,2066550.0,0.0,0.0,40000.0,0.0,1.0,70587.5
1218,0.0,47,0.0,4.0,5,5000000,2838000.0,0.0,200000.0,0.0,1.0,0.0,75500.0
1220,0.0,40,1.0,4.0,3,1000000,1043333.0,0.0,0.0,0.0,1.0,0.0,33166.64844
1221,0.0,42,0.0,2.0,4,1000000,1080000.0,0.0,0.0,0.0,1.0,0.0,16750.0
1222,0.0,60,1.0,3.0,6,4000000,1609000.0,0.0,0.0,100000.0,0.0,1.0,44050.0
1223,0.0,38,0.0,4.0,4,2500000,2514167.0,0.0,0.0,0.0,1.0,0.0,70208.35156
1224,0.0,45,1.0,4.0,4,2500000,4585296.0,0.0,30000.0,360000.0,0.0,1.0,154225.0
1225,0.0,55,1.0,4.0,4,2000000,2800000.0,0.0,0.0,0.0,1.0,0.0,86900.0
1228,0.0,62,1.0,5.0,4,3200000,1065000.0,0.0,0.0,0.0,1.0,0.0,31650.0
1232,0.0,53,0.0,3.0,4,1500000,1529333.0,0.0,0.0,0.0,1.0,0.0,27666.65039
1235,0.0,52,0.0,4.0,4,3500000,3430000.0,0.0,0.0,0.0,1.0,0.0,80315.0
1236,0.0,47,0.0,4.0,3,4700000,3081000.0,0.0,0.0,60000.0,0.0,1.0,112950.0
1242,0.0,41,0.0,1.0,5,3600000,3851629.0,0.0,9166.0,225000.0,0.0,1.0,102374.8516
1244,0.0,28,0.0,3.0,4,4000000,1885000.0,0.0,100000.0,0.0,1.0,0.0,39250.0
1245,0.0,46,0.0,4.0,2,2500000,2091000.0,0.0,0.0,0.0,1.0,0.0,38550.0
1246,0.0,36,1.0,4.0,3,5000000,4628000.0,0.0,0.0,0.0,1.0,0.0,104874.0
1249,0.0,27,1.0,5.0,4,2000000,2669167.0,0.0,4167.0,300000.0,0.0,1.0,79458.35156
1250,0.0,38,1.0,4.0,3,2500000,2102071.0,51000.0,50000.0,400000.0,0.0,1.0,51853.55078
1256,0.0,28,1.0,4.0,3,4000000,1630000.0,0.0,100000.0,0.0,1.0,0.0,25500.0
1257,0.0,47,1.0,4.0,6,2500000,7045000.0,0.0,0.0,0.0,1.0,0.0,106750.0
1260,0.0,51,1.0,2.0,4,2000000,1911667.0,0.0,0.0,0.0,1.0,0.0,36583.35156
1262,0.0,63,0.0,3.0,2,1900000,1720972.0,0.0,0.0,300000.0,0.0,1.0,51815.39844
1263,0.0,36,0.0,2.0,7,1400000,1731710.0,0.0,3333.0,0.0,1.0,0.0,55652.30078
1272,0.0,38,1.0,4.0,4,2500000,1877000.0,0.0,0.0,0.0,1.0,0.0,52950.0
1275,0.0,39,1.0,4.0,4,6000000,3848333.0,0.0,100000.0,0.0,1.0,0.0,114416.6484
1276,0.0,46,0.0,1.0,4,3800000,2077167.0,0.0,0.0,510000.0,0.0,1.0,71608.35156
1284,0.0,25,0.0,4.0,3,2350000,2919411.0,0.0,0.0,840000.0,0.0,1.0,82504.14844
1287,0.0,46,0.0,4.0,5,4750000,2588250.0,0.0,0.0,120000.0,0.0,1.0,86812.5
1288,0.0,58,1.0,2.0,6,2500000,2105000.0,0.0,0.0,0.0,1.0,0.0,45250.0
1290,0.0,43,1.0,4.0,5,2000000,2332000.0,0.0,0.0,152000.0,0.0,1.0,27600.0
1293,0.0,18,0.0,2.0,3,1000000,1580000.0,0.0,0.0,90000.0,0.0,1.0,61800.0
1296,0.0,28,0.0,4.0,4,4200000,1480000.0,0.0,0.0,0.0,1.0,0.0,44200.0
1301,0.0,38,0.0,4.0,5,1500000,2724000.0,0.0,0.0,0.0,1.0,0.0,102200.0
1308,0.0,41,1.0,0.0,5,3000000,4181667.0,0.0,0.0,0.0,1.0,0.0,143583.3438
1309,0.0,30,0.0,4.0,5,1000000,3151616.0,0.0,21500.0,0.0,1.0,0.0,84614.20313
1310,0.0,32,0.0,3.0,4,1000000,2640000.0,0.0,0.0,0.0,1.0,0.0,114000.0
1311,0.0,51,1.0,4.0,5,2500000,3400000.0,0.0,0.0,112000.0,0.0,1.0,99200.0
1316,0.0,31,1.0,0.0,4,1200000,1208333.0,0.0,0.0,0.0,1.0,0.0,22416.65039
1321,0.0,35,0.0,4.0,3,2500000,3491000.0,0.0,0.0,0.0,1.0,0.0,101065.5
1322,0.0,52,0.0,0.0,3,4800000,1813500.0,0.0,0.0,90000.0,0.0,1.0,39075.0
1325,0.0,58,1.0,3.0,4,2750000,1668600.0,0.0,0.0,85000.0,0.0,1.0,40630.0
1331,0.0,37,1.0,4.0,3,2500000,2400000.0,0.0,0.0,0.0,1.0,0.0,53200.0
1335,0.0,45,1.0,4.0,4,1500000,870000.0,0.0,0.0,0.0,1.0,0.0,31500.0
1339,0.0,24,0.0,4.0,8,4300000,5355314.0,0.0,45000.0,480000.0,0.0,1.0,195699.2969
1341,0.0,30,0.0,4.0,2,1000000,990000.0,0.0,20000.0,0.0,1.0,0.0,13500.0
1342,0.0,35,1.0,4.0,4,1000000,2940000.0,0.0,0.0,0.0,1.0,0.0,129000.0
1347,0.0,40,0.0,4.0,4,1800000,2599911.0,0.0,15000.0,360000.0,0.0,1.0,72445.75
1349,0.0,42,0.0,2.0,4,4500000,2105000.0,0.0,0.0,0.0,1.0,0.0,45250.0
1351,0.0,41,0.0,3.0,4,1000000,2449000.0,0.0,0.0,0.0,1.0,0.0,24050.0
1356,0.0,60,1.0,5.0,3,2000000,1322000.0,0.0,0.0,0.0,1.0,0.0,23800.0
1357,0.0,34,0.0,2.0,5,1000000,1459667.0,0.0,0.0,0.0,1.0,0.0,18833.34961
1358,0.0,32,0.0,4.0,6,5200000,3447000.0,0.0,75000.0,0.0,1.0,0.0,130650.0
1359,0.0,40,1.0,2.0,4,2500000,3704917.0,0.0,0.0,225000.0,0.0,1.0,136645.8438
1362,0.0,36,1.0,2.0,4,2500000,2438000.0,0.0,0.0,0.0,1.0,0.0,77979.0
1363,0.0,42,0.0,4.0,4,1500000,1000000.0,0.0,0.0,0.0,1.0,0.0,30000.0
1364,0.0,28,0.0,3.0,4,1000000,3548900.0,0.0,8750.0,330000.0,0.0,1.0,70765.39844
1366,0.0,58,0.0,3.0,2,1800000,1069076.0,0.0,0.0,0.0,1.0,0.0,36887.39844
1367,0.0,47,0.0,4.0,3,1400000,1408731.0,0.0,8333.0,0.0,1.0,0.0,34970.14844
1370,0.0,51,1.0,4.0,4,2000000,2210000.0,0.0,200000.0,0.0,1.0,0.0,49000.0
1372,0.0,46,1.0,4.0,4,2000000,2171667.0,0.0,0.0,60000.0,0.0,1.0,40583.35156
1379,0.0,39,1.0,4.0,5,700000,1535000.0,0.0,0.0,0.0,1.0,0.0,18750.0
1381,0.0,29,0.0,1.0,2,2500000,2980000.0,0.0,50000.0,200000.0,0.0,1.0,104000.0
1383,0.0,30,0.0,4.0,4,3000000,2900000.0,0.0,0.0,0.0,1.0,0.0,74200.0
1390,0.0,35,0.0,3.0,4,2000000,2171667.0,0.0,0.0,60000.0,0.0,1.0,40583.35156
1393,0.0,65,0.0,3.0,4,600000,1610167.0,0.0,0.0,0.0,1.0,0.0,16708.34961
1396,0.0,50,1.0,0.0,4,4000000,3983333.0,0.0,0.0,0.0,1.0,0.0,79166.64844
1398,0.0,25,0.0,1.0,3,2200000,2528117.0,0.0,0.0,0.0,1.0,0.0,57270.85156
1403,0.0,42,0.0,4.0,4,2500000,2460000.0,0.0,0.0,0.0,1.0,0.0,42000.0
1405,0.0,34,0.0,2.0,4,3500000,3636667.0,0.0,30000.0,0.0,1.0,0.0,83833.35156
1409,0.0,47,0.0,2.0,4,2000000,1811667.0,0.0,0.0,0.0,1.0,0.0,31583.34961
1411,0.0,21,1.0,4.0,4,1500000,2013833.0,0.0,0.0,300000.0,0.0,1.0,58441.64844
1412,0.0,49,1.0,2.0,3,2200000,2650667.0,0.0,0.0,320000.0,0.0,1.0,47733.35156
1414,0.0,57,1.0,5.0,4,1300000,1045750.0,0.0,0.0,0.0,1.0,0.0,27037.5
1417,0.0,53,0.0,3.0,4,6000000,3593000.0,0.0,150000.0,0.0,1.0,0.0,86650.0
1418,0.0,46,1.0,0.0,5,4000000,3454000.0,30000.0,0.0,0.0,1.0,0.0,131100.0
1422,0.0,36,0.0,0.0,5,1100000,853137.0,0.0,160000.0,0.0,1.0,0.0,124693.5469
1423,0.0,45,1.0,0.0,5,3500000,2001000.0,0.0,0.0,0.0,1.0,0.0,50050.0
1425,0.0,61,1.0,4.0,4,3000000,2646667.0,0.0,100000.0,300000.0,0.0,1.0,56333.35156
1427,0.0,39,0.0,4.0,3,2000000,2057000.0,0.0,0.0,0.0,1.0,0.0,58350.0
1433,0.0,28,0.0,4.0,3,4400000,1792000.0,0.0,0.0,0.0,1.0,0.0,51500.0
1438,0.0,30,0.0,2.0,4,2200000,1955667.0,0.0,0.0,64000.0,0.0,1.0,39783.35156
1439,0.0,49,0.0,4.0,4,3200000,2714000.0,0.0,0.0,0.0,1.0,0.0,107500.0
1440,0.0,38,1.0,4.0,3,3500000,3790000.0,0.0,0.0,0.0,1.0,0.0,77695.0
1441,0.0,52,1.0,3.0,4,1500000,1407333.0,0.0,0.0,0.0,1.0,0.0,35566.64844
1443,0.0,41,0.0,2.0,4,1700000,2464667.0,0.0,0.0,0.0,1.0,0.0,58333.35156
1444,0.0,38,1.0,4.0,2,4450000,2227000.0,0.0,0.0,75000.0,0.0,1.0,68850.0
1445,0.0,45,1.0,2.0,4,4000000,7119417.0,0.0,1000000.0,0.0,1.0,0.0,254970.8438
1446,0.0,29,0.0,4.0,4,2200000,616000.0,0.0,0.0,0.0,1.0,0.0,13200.0
1448,0.0,49,1.0,3.0,4,3000000,2900000.0,25000.0,0.0,0.0,1.0,0.0,63450.0
1449,0.0,25,0.0,4.0,3,2500000,1837000.0,0.0,0.0,0.0,1.0,0.0,39850.0
1450,0.0,47,0.0,4.0,5,2500000,3300000.0,0.0,0.0,0.0,1.0,0.0,97150.0
1451,0.0,36,0.0,2.0,2,3000000,2964000.0,50000.0,0.0,300000.0,0.0,1.0,69000.0
1453,0.0,42,0.0,3.0,6,2300000,4096417.0,0.0,0.0,1600000.0,0.0,1.0,151520.8438
1454,0.0,34,0.0,4.0,4,1000000,3448750.0,0.0,250000.0,100000.0,0.0,1.0,150437.5
1456,0.0,48,1.0,0.0,4,3500000,3581333.0,0.0,0.0,0.0,1.0,0.0,59666.64844
1460,0.0,27,0.0,0.0,4,5200000,1604000.0,0.0,0.0,0.0,1.0,0.0,41600.0
1461,0.0,40,1.0,4.0,4,4000000,3488333.0,0.0,100000.0,0.0,1.0,0.0,88416.64844
1463,0.0,49,0.0,3.0,4,2500000,1816500.0,0.0,0.0,0.0,1.0,0.0,36025.0
1469,0.0,36,0.0,3.0,4,4000000,2636667.0,0.0,100000.0,0.0,1.0,0.0,65833.35156
1472,0.0,45,1.0,4.0,4,1500000,2693000.0,0.0,200000.0,0.0,1.0,0.0,87050.0
1474,0.0,62,0.0,5.0,3,2200000,614000.0,0.0,0.0,0.0,1.0,0.0,11500.0
1476,0.0,19,1.0,4.0,4,4000000,4316667.0,0.0,8333.0,252000.0,0.0,1.0,92933.35156
1477,0.0,53,1.0,4.0,4,4000000,3358333.0,0.0,200000.0,0.0,1.0,0.0,114166.6484
1479,0.0,35,0.0,4.0,4,2000000,2669167.0,0.0,4167.0,300000.0,0.0,1.0,79458.35156
1480,0.0,55,1.0,3.0,4,4100000,1917167.0,0.0,0.0,350000.0,0.0,1.0,63608.35156
1482,0.0,41,1.0,3.0,3,2000000,1960000.0,0.0,100000.0,0.0,1.0,0.0,53500.0
1483,0.0,28,0.0,4.0,4,2700000,2507000.0,0.0,0.0,0.0,1.0,0.0,64550.0
1486,0.0,28,0.0,3.0,5,4000000,3408333.0,0.0,0.0,0.0,1.0,0.0,51166.64844
1487,0.0,30,0.0,4.0,3,2000000,1545500.0,0.0,0.0,0.0,1.0,0.0,30375.0
1489,0.0,60,1.0,3.0,4,2700000,2616000.0,0.0,0.0,0.0,1.0,0.0,60800.0
1490,0.0,59,0.0,5.0,4,3000000,1153000.0,0.0,0.0,0.0,1.0,0.0,28750.0
1491,0.0,42,0.0,2.0,4,5100000,3800667.0,0.0,0.0,0.0,1.0,0.0,70833.35156
1494,0.0,62,0.0,3.0,4,2000000,2108333.0,0.0,0.0,0.0,1.0,0.0,88416.64844
1495,0.0,53,0.0,1.0,4,5000000,1354000.0,50000.0,0.0,0.0,1.0,0.0,36100.0
1497,0.0,38,0.0,4.0,3,2950000,5419000.0,0.0,0.0,0.0,1.0,0.0,43850.0
1499,0.0,58,0.0,3.0,3,2500000,1092000.0,0.0,0.0,0.0,1.0,0.0,28000.0
1500,0.0,35,0.0,2.0,4,700000,1625000.0,0.0,0.0,0.0,1.0,0.0,23250.0
1503,0.0,27,0.0,4.0,4,2800000,3907000.0,0.0,125000.0,0.0,1.0,0.0,93750.0
1510,0.0,68,0.0,4.0,6,2000000,3870000.0,0.0,0.0,0.0,1.0,0.0,140335.0
1511,0.0,37,0.0,3.0,4,500000,2050500.0,0.0,0.0,450000.0,0.0,1.0,67125.0
1512,0.0,35,0.0,3.0,3,1500000,1675452.0,0.0,161000.0,64285.0,0.0,1.0,35639.60156
1513,0.0,40,0.0,4.0,6,3000000,4954000.0,0.0,0.0,0.0,1.0,0.0,166700.0
1515,0.0,52,1.0,2.0,6,2000000,1446000.0,0.0,0.0,0.0,1.0,0.0,37500.0
1516,0.0,38,0.0,3.0,4,3000000,2720000.0,0.0,0.0,0.0,1.0,0.0,28000.0
1517,0.0,51,1.0,2.0,4,1000000,1893000.0,0.0,50000.0,0.0,1.0,0.0,38050.0
1519,0.0,37,0.0,4.0,4,3200000,3820500.0,0.0,0.0,450000.0,0.0,1.0,131125.0
1521,0.0,22,0.0,3.0,3,1500000,1622104.0,0.0,50000.0,315000.0,0.0,1.0,29495.19922
1522,0.0,42,0.0,4.0,6,2600000,1987739.0,0.0,10000.0,300000.0,0.0,1.0,61073.75
1526,0.0,50,1.0,2.0,2,2800000,2788000.0,0.0,0.0,0.0,1.0,0.0,51400.0
1527,0.0,44,1.0,1.0,4,2000000,2210000.0,0.0,200000.0,0.0,1.0,0.0,49000.0
1529,0.0,45,0.0,4.0,4,2500000,3213250.0,0.0,0.0,0.0,1.0,0.0,112862.5
1531,0.0,28,0.0,2.0,6,1000000,814167.0,0.0,41666.66667,0.0,1.0,0.0,25708.34961
1532,0.0,39,0.0,4.0,4,6000000,2045000.0,0.0,0.0,90000.0,0.0,1.0,56650.0
1533,0.0,30,1.0,0.0,3,2400000,2553671.0,0.0,25000.0,0.0,1.0,0.0,73903.54688
1536,0.0,25,1.0,4.0,4,1500000,2122500.0,0.0,0.0,510000.0,0.0,1.0,73875.0
1538,0.0,31,1.0,4.0,6,4500000,4300000.0,0.0,0.0,0.0,1.0,0.0,127000.0
1540,0.0,23,0.0,0.0,6,3500000,1822000.0,0.0,0.0,0.0,1.0,0.0,57300.0
1541,0.0,28,0.0,4.0,3,2750000,2144000.0,0.0,0.0,0.0,1.0,0.0,66000.0
1545,0.0,55,0.0,3.0,5,2000000,4512000.0,0.0,0.0,0.0,1.0,0.0,139000.0
1549,0.0,44,0.0,3.0,3,2000000,2331305.0,0.0,135000.0,184000.0,0.0,1.0,101498.6484
1552,0.0,37,1.0,4.0,4,3000000,2441667.0,0.0,80000.0,200000.0,0.0,1.0,72083.35156
1553,0.0,55,0.0,3.0,3,1600000,2341708.0,0.0,0.0,210000.0,0.0,1.0,64685.39844
1556,0.0,58,1.0,5.0,4,3000000,1195000.0,0.0,0.0,0.0,1.0,0.0,25750.0
1557,0.0,56,0.0,3.0,4,1800000,5282500.0,0.0,0.0,0.0,1.0,0.0,167125.0
1559,0.0,41,1.0,2.0,4,3000000,2864167.0,0.0,50000.0,0.0,1.0,0.0,43208.35156
1562,0.0,52,0.0,4.0,2,1500000,2550000.0,0.0,1000000.0,0.0,1.0,0.0,74500.0
1563,0.0,34,0.0,2.0,4,5000000,6905667.0,0.0,0.0,0.0,1.0,0.0,157083.3438
1565,0.0,42,0.0,4.0,4,900000,2916863.0,0.0,0.0,390000.0,0.0,1.0,100009.9531
1566,0.0,39,1.0,3.0,4,5000000,4900000.0,0.0,0.0,27000.0,0.0,1.0,107000.0
1568,0.0,23,1.0,5.0,4,2000000,2669167.0,0.0,4167.0,300000.0,0.0,1.0,79458.35156
1572,0.0,38,0.0,3.0,4,1600000,1548000.0,0.0,0.0,0.0,1.0,0.0,31734.0
1573,0.0,50,0.0,3.0,4,3000000,2900000.0,0.0,25000.0,0.0,1.0,0.0,59450.0
1574,0.0,54,0.0,5.0,4,300000,2201000.0,0.0,4000.0,0.0,1.0,0.0,54450.0
1581,0.0,47,1.0,4.0,4,6000000,5900000.0,0.0,0.0,300000.0,0.0,1.0,175000.0
1583,0.0,40,0.0,4.0,4,2500000,5089000.0,0.0,0.0,0.0,1.0,0.0,32050.0
1586,0.0,58,1.0,2.0,4,5500000,3241750.0,0.0,0.0,0.0,1.0,0.0,114187.5
1588,0.0,32,0.0,4.0,3,1600000,1560000.0,0.0,0.0,0.0,1.0,0.0,31980.0
1589,0.0,52,0.0,2.0,4,2000000,1917000.0,0.0,0.0,0.0,1.0,0.0,40850.0
1591,0.0,24,1.0,2.0,4,3000000,3075000.0,0.0,100000.0,300000.0,0.0,1.0,87750.0
1598,0.0,46,0.0,1.0,4,2500000,2325000.0,0.0,0.0,100000.0,0.0,1.0,78750.0
1599,0.0,31,0.0,2.0,3,3000000,1635571.0,51000.0,50000.0,0.0,1.0,0.0,42278.55078
1602,0.0,32,0.0,4.0,4,1500000,1327917.0,0.0,0.0,0.0,1.0,0.0,54395.85156
1612,0.0,32,0.0,4.0,4,3800000,4925281.0,0.0,0.0,1575000.0,0.0,1.0,183030.8438
1614,0.0,40,1.0,4.0,4,4500000,4400000.0,0.0,0.0,0.0,1.0,0.0,90000.0
1618,0.0,42,1.0,0.0,4,2350000,1881000.0,0.0,0.0,0.0,1.0,0.0,48050.0
1620,0.0,30,0.0,4.0,4,4500000,4500000.0,0.0,0.0,0.0,1.0,0.0,107000.0
1621,0.0,25,0.0,4.0,4,3500000,1657000.0,0.0,0.0,0.0,1.0,0.0,51750.0
1626,0.0,57,0.0,3.0,4,5400000,2113417.0,0.0,50000.0,0.0,1.0,0.0,73270.85156
1627,0.0,34,1.0,4.0,4,2500000,2089000.0,50000.0,0.0,0.0,1.0,0.0,69050.0
1629,0.0,36,1.0,4.0,3,2200000,2375832.0,0.0,16666.0,360000.0,0.0,1.0,78578.39844
1632,0.0,36,0.0,0.0,3,2400000,2001000.0,0.0,0.0,0.0,1.0,0.0,53450.0
1635,0.0,75,1.0,2.0,5,5000000,4665000.0,0.0,0.0,0.0,1.0,0.0,105632.5
1638,0.0,43,1.0,5.0,5,1200000,2153000.0,0.0,0.0,0.0,1.0,0.0,73636.5
1639,0.0,32,0.0,4.0,4,3850000,1478000.0,0.0,0.0,0.0,1.0,0.0,34200.0
1643,0.0,54,1.0,4.0,6,4900000,2954000.0,0.0,0.0,100000.0,0.0,1.0,108700.0
1644,0.0,35,0.0,4.0,4,4000000,5113333.0,0.0,100000.0,300000.0,0.0,1.0,111666.6484
1645,0.0,48,0.0,4.0,4,4000000,3883333.0,0.0,0.0,0.0,1.0,0.0,74166.64844
1647,0.0,37,1.0,1.0,4,4800000,4700000.0,25500.0,0.0,400000.0,0.0,1.0,126150.0
1650,0.0,37,0.0,2.0,2,2500000,1761167.0,25500.0,15000.0,150000.0,0.0,1.0,46958.35156
1651,0.0,21,0.0,4.0,3,1700000,2038461.0,0.0,8333.0,0.0,1.0,0.0,39249.85156
1653,0.0,49,1.0,2.0,4,4000000,4940674.0,0.0,50000.0,510000.0,0.0,1.0,190707.0938
1655,0.0,49,1.0,3.0,4,2500000,3596417.0,0.0,0.0,1000000.0,0.0,1.0,126520.8516
1657,0.0,26,0.0,2.0,4,1571428,1708152.0,0.0,10750.0,0.0,1.0,0.0,53441.0
1658,0.0,59,1.0,3.0,3,3500000,882000.0,0.0,0.0,0.0,1.0,0.0,19500.0
1662,0.0,62,1.0,3.0,5,2500000,2400000.0,0.0,25000.0,390000.0,0.0,1.0,49200.0
1664,0.0,48,0.0,3.0,6,2300000,7987341.0,0.0,0.0,1080000.0,0.0,1.0,320407.0625
1666,0.0,26,0.0,4.0,4,2000000,2828333.0,0.0,0.0,450000.0,0.0,1.0,76416.64844
1668,0.0,33,0.0,4.0,4,2400000,3554500.0,0.0,0.0,0.0,1.0,0.0,131125.0
1669,0.0,30,0.0,0.0,3,4760000,3359000.0,0.0,200000.0,0.0,1.0,0.0,76350.0
1671,0.0,45,1.0,4.0,6,5000000,4851000.0,0.0,0.0,0.0,1.0,0.0,99445.5
1674,0.0,50,1.0,4.0,6,3200000,3100000.0,0.0,748571.0,1800000.0,0.0,1.0,195000.0
1678,0.0,50,1.0,4.0,4,3200000,3000000.0,0.0,0.0,0.0,1.0,0.0,72000.0
1680,0.0,45,0.0,5.0,4,1200000,2555000.0,0.0,0.0,0.0,1.0,0.0,107750.0
1682,0.0,39,0.0,4.0,4,5000000,2911667.0,0.0,100000.0,0.0,1.0,0.0,58583.35156
1688,0.0,47,0.0,5.0,4,1300000,1351667.0,0.0,100000.0,0.0,1.0,0.0,23583.34961
1698,0.0,48,0.0,4.0,3,1000000,364730.0,0.0,0.0,0.0,1.0,0.0,3283.300049
1700,0.0,25,0.0,4.0,4,3500000,3450000.0,0.0,0.0,0.0,1.0,0.0,142500.0
1702,0.0,32,0.0,2.0,4,1000000,2330736.0,0.0,0.0,0.0,1.0,0.0,70990.39844
1703,0.0,36,0.0,2.0,5,2500000,4670000.0,0.0,25000.0,0.0,1.0,0.0,141000.0
1704,0.0,36,1.0,1.0,4,6000000,3313333.0,0.0,100000.0,0.0,1.0,0.0,56666.64844
1705,0.0,35,0.0,4.0,4,2142857,2907973.0,0.0,32500.0,0.0,1.0,0.0,88148.64844
1707,0.0,45,0.0,4.0,2,3700000,3674000.0,0.0,0.0,0.0,1.0,0.0,73700.0
